-- phpMyAdmin SQL Dump
-- version 5.1.3
-- https://www.phpmyadmin.net/
--
-- Host: 127.0.0.1
-- Generation Time: Oct 27, 2022 at 02:46 AM
-- Server version: 10.4.24-MariaDB
-- PHP Version: 7.4.29

SET SQL_MODE = "NO_AUTO_VALUE_ON_ZERO";
START TRANSACTION;
SET time_zone = "+00:00";


/*!40101 SET @OLD_CHARACTER_SET_CLIENT=@@CHARACTER_SET_CLIENT */;
/*!40101 SET @OLD_CHARACTER_SET_RESULTS=@@CHARACTER_SET_RESULTS */;
/*!40101 SET @OLD_COLLATION_CONNECTION=@@COLLATION_CONNECTION */;
/*!40101 SET NAMES utf8mb4 */;

--
-- Database: `wa_bot_bnnk`
--

-- --------------------------------------------------------

--
-- Table structure for table `chats`
--

CREATE TABLE `chats` (
  `id` int(5) NOT NULL,
  `from_wa_no` varchar(20) NOT NULL,
  `question_id` int(2) NOT NULL,
  `chat` text NOT NULL,
  `has_media` tinyint(1) NOT NULL,
  `attachment` longtext NOT NULL,
  `created_at` datetime NOT NULL
) ENGINE=InnoDB DEFAULT CHARSET=utf8;

--
-- Dumping data for table `chats`
--

INSERT INTO `chats` (`id`, `from_wa_no`, `question_id`, `chat`, `has_media`, `attachment`, `created_at`) VALUES
(1, '6281392843397', 1, '1', 0, '', '2022-07-07 08:36:35'),
(2, '6287736477995', 1, 'Siang Pak', 0, '', '2022-01-04 08:36:43'),
(3, '6281392843397', 2, 'Jdjjdkd', 0, '', '2022-07-07 08:36:47'),
(4, '6281392843397', 5, 'Resume Binrohtal II.pdf', 0, '', '2022-07-07 08:36:55'),
(5, '6281392843397', 5, 'Selesai', 0, '', '2022-07-07 08:36:59'),
(6, '6281392843397', 0, 'Menu', 0, '', '2022-07-07 08:48:06'),
(7, '6281392843397', 1, '3', 0, '', '2022-07-07 08:48:11'),
(8, '6281392843397', 4, 'Iwan, 949595995', 0, '', '2022-07-07 08:48:18'),
(9, '6281392843397', 6, 'Jeruklegi kulon 7/9', 0, '', '2022-07-07 08:48:33'),
(10, '6281392843397', 7, 'Jaka, 9488484,19', 0, '', '2022-07-07 08:48:47'),
(11, '6281392843397', 8, 'Jalan bakung', 0, '', '2022-07-07 08:48:55'),
(12, '6281392843397', 9, 'Lahgun', 0, '', '2022-07-07 08:49:02'),
(13, '6281392843397', 10, 'Ganja', 0, '', '2022-07-07 08:49:47'),
(14, '6281392843397', 11, 'Ganja', 0, '', '2022-07-07 08:49:47'),
(15, '6281392843397', 13, '', 0, '', '2022-07-07 08:50:01'),
(16, '6281392843397', 13, 'Lanjut', 0, '', '2022-07-07 08:50:04'),
(17, '6281392843397', 13, 'Selesai', 0, '', '2022-07-07 08:50:08'),
(18, '6283843297553', 13, 'selamat pgi', 0, '', '2022-07-07 10:24:28'),
(19, '6281392843397', 1, '3', 0, '', '2022-07-07 10:25:15'),
(20, '6281392843397', 4, 'parto SH, 08977808988', 0, '', '2022-07-07 10:25:45'),
(21, '6281392843397', 6, 'Jl Angsana, No 13 Tritih Lor', 0, '', '2022-07-07 10:26:00'),
(22, '6281392843397', 7, 'Jaka, 0834546557, 24 tahun', 0, '', '2022-07-07 10:26:24'),
(23, '6281392843397', 8, 'tidak diketahui', 0, '', '2022-07-07 10:26:40'),
(24, '6281392843397', 9, 'Penjualan', 0, '', '2022-07-07 10:26:53'),
(25, '6281392843397', 10, 'Ganja dan Sabu', 0, '', '2022-07-07 10:27:07'),
(26, '6281392843397', 11, 'biasanya Jaka bertransaksi di Jl Angsana sekitaran masjid anNur . setiap hari sabtu pukul 3 sore', 0, '', '2022-07-07 10:27:55'),
(27, '6285700416954', 13, 'Selamat pagi', 0, '', '2022-07-07 10:28:26'),
(28, '6281392843397', 13, 'lanjut', 0, '', '2022-07-07 10:28:36'),
(29, '6281392843397', 13, 'selesai', 0, '', '2022-07-07 10:28:45'),
(30, '628977089291', 0, 'Halo', 0, '', '2022-07-22 08:58:45'),
(31, '6281225542465', 1, 'Halo', 0, '', '2022-07-22 08:59:21'),
(32, '6285888466566', 0, 'Halo', 0, '', '2022-07-22 09:08:00'),
(33, '6281392843397', 1, '3', 0, '', '2022-07-22 09:08:28'),
(34, '6281392843397', 4, 'Imam S, 9499595', 0, '', '2022-07-22 09:08:44'),
(35, '6281392843397', 6, 'Jeruklegi', 0, '', '2022-07-22 09:08:56'),
(36, '6281392843397', 7, 'Yanto, 9494', 0, '', '2022-07-22 09:09:28'),
(37, '6281392843397', 8, 'Jeruk legi wetan', 0, '', '2022-07-22 09:09:45'),
(38, '6281392843397', 9, 'Penyalahgunaan', 0, '', '2022-07-22 09:10:33'),
(39, '6281392843397', 10, 'Ganja', 0, '', '2022-07-22 09:10:49'),
(40, '6281392843397', 11, 'Memakai di gudang', 0, '', '2022-07-22 09:13:15'),
(41, '6281392843397', 12, '', 0, '', '2022-07-22 09:13:54'),
(42, '6281392843397', 13, 'Lanjut', 0, '', '2022-07-22 09:14:19'),
(43, '6281392843397', 13, 'Selesai', 0, '', '2022-07-22 09:14:35'),
(44, '6281225542465', 0, 'Halo', 0, '', '2022-07-23 08:11:45'),
(45, '6281392843397', 1, '3', 0, '', '2022-07-23 08:11:56'),
(46, '6281392843397', 4, 'Jamal, 959995', 0, '', '2022-07-23 08:12:03'),
(47, '6281392843397', 6, 'Cilacap', 0, '', '2022-07-23 08:12:10'),
(48, '6281392843397', 7, 'Jiran, 8585885,18', 0, '', '2022-07-23 08:12:22'),
(49, '6281392843397', 8, 'Jeruk legi', 0, '', '2022-07-23 08:12:29'),
(50, '6281392843397', 9, 'Penyalahgunaan', 0, '', '2022-07-23 08:12:42'),
(51, '6281392843397', 10, 'Sabu', 0, '', '2022-07-23 08:12:46'),
(52, '6281392843397', 11, 'Biasa nya di balaidesa', 0, '', '2022-07-23 08:12:55'),
(53, '6281392843397', 13, '', 0, '', '2022-07-23 08:13:13'),
(54, '6281392843397', 13, 'Lanjut', 0, '', '2022-07-23 08:13:17'),
(55, '6281392843397', 13, 'Selesai', 0, '', '2022-07-23 08:13:22'),
(56, '6289613863322', 13, 'Assalamu\'alaikum', 0, '', '2022-07-23 08:29:57'),
(57, '6289613863322', 1, 'Mau tanya, informasi tes narkoba, untuk biaya totalnya berapa ya kak????????????????????????????????', 0, '', '2022-07-23 08:29:57'),
(58, '6289613863322', 1, '2', 0, '', '2022-07-23 08:30:45'),
(59, '6289613863322', 3, '2', 0, '', '2022-07-23 08:31:15'),
(60, '6289613863322', 3, 'Selesai', 0, '', '2022-07-23 08:38:11'),
(61, '6281392843397', 3, 'Halo', 0, '', '2022-07-23 08:38:47'),
(62, '6281392843397', 0, 'Menu', 0, '', '2022-07-23 08:38:54'),
(63, '6281392843397', 0, 'Tes', 0, '', '2022-07-23 09:25:07'),
(64, '6281392843397', 1, '3', 0, '', '2022-07-23 09:25:18'),
(65, '6282227477244', 0, 'Pagi kak', 0, '', '2022-07-23 09:37:26'),
(66, '6289613863322', 1, 'Status#20070004', 0, '', '2022-07-23 09:38:56'),
(67, '6281392843397', 1, 'Halo', 0, '', '2022-07-23 10:19:26'),
(68, '6281392843397', 1, 'Halo', 0, '', '2022-07-23 10:46:31'),
(69, '6285641660978', 0, 'Halo', 0, '', '2022-07-26 07:46:58'),
(70, '6281392843397', 1, 'Test', 0, '', '2022-07-26 09:56:34'),
(71, '6281392843397', 1, '2', 0, '', '2022-07-26 09:56:35'),
(72, '6283842001783', 3, '1', 0, '', '2022-07-26 11:13:06'),
(73, '6283843297553', 1, '', 0, '', '2022-07-26 11:16:20'),
(74, '6283843297553', 1, '3', 0, '', '2022-07-26 11:16:35'),
(75, '6283843297553', 4, 'Suyanto', 0, '', '2022-07-26 11:16:51'),
(76, '6283843297553', 6, 'Jeruklegi Kulon', 0, '', '2022-07-26 11:17:16'),
(77, '6283843297553', 7, 'Tono,847478884, 23 th', 0, '', '2022-07-26 11:17:28'),
(78, '6283843297553', 8, 'Karanganyar', 0, '', '2022-07-26 11:17:35'),
(79, '6283843297553', 9, 'Kepemilikan', 0, '', '2022-07-26 11:17:47'),
(80, '6283843297553', 10, 'Sabu', 0, '', '2022-07-26 11:17:53'),
(81, '6283843297553', 11, 'ToLong ditindaklanjuti pak', 0, '', '2022-07-26 11:18:11'),
(82, '6283843297553', 13, '', 0, '', '2022-07-26 11:19:08'),
(83, '6283843297553', 13, 'Lanjut', 0, '', '2022-07-26 11:19:32'),
(84, '6283843297553', 13, 'Selesai', 0, '', '2022-07-26 11:19:38'),
(85, 'status@broadcast', 0, 'Test', 0, '', '2022-07-27 08:17:16'),
(86, '6281392843397', 1, 'Pagi', 0, '', '2022-07-27 08:17:32'),
(87, '628977089291', 0, 'Test', 0, '', '2022-07-29 10:35:36'),
(88, 'status@broadcast', 1, 'Terakhir ngajak refreshing mbah dengan personil minim.                        walaupun hnya bisanya k tluk penyu tpi pling gk bkin mbah brnostalgia & refresh.. ????', 0, '', '2022-07-29 14:02:41'),
(89, 'status@broadcast', 0, 'Kangen tawamu mbah...????', 0, '', '2022-07-30 09:42:22'),
(90, '6281392843397', 1, 'R', 0, '', '2022-07-30 10:26:00'),
(91, '6281392843397', 0, 'Test', 0, '', '2022-08-02 08:09:05'),
(92, '6281392843397', 0, 'Yest', 0, '', '2022-08-06 11:15:17'),
(93, '6281392843397', 0, 'Test', 0, '', '2022-08-16 13:25:22'),
(94, '6281392843397', 0, 'Test', 0, '', '2022-08-17 09:06:32'),
(95, '6281392843397', 1, '1', 0, '', '2022-08-17 09:07:41'),
(96, '6282130005576', 1, 'Maaf pak', 0, '', '2022-08-17 09:20:49'),
(97, '628977089291', 0, 'Test', 0, '', '2022-09-01 09:07:54'),
(441, '6287736477995', 1, 'Ini no wa jarum', 0, '', '2021-01-04 09:18:57'),
(442, '6287736477995', 1, '3', 0, '', '2021-01-04 09:19:22'),
(443, '6287736477995', 4, 'Leni rahayu,087736477995', 0, '', '2021-01-04 09:20:22'),
(444, '6287736477995', 7, 'Karang sari rt 3 rw 3,kawunganten', 0, '', '2021-01-04 09:21:05'),
(445, '6287736477995', 9, '', 0, '', '2021-01-04 09:23:21'),
(446, '6287736477995', 9, 'Rumino/jarum,081327266331', 0, '', '2021-01-04 09:24:02'),
(447, '6287736477995', 10, 'Kawunganten kompleks kuburan pahlawan depan rel', 0, '', '2021-01-04 09:24:55'),
(448, '6287736477995', 11, 'Penyalahgunaan/penjualan/kepemilikan', 0, '', '2021-01-04 09:25:29'),
(449, '6287736477995', 12, 'Tramadol/eximer dll', 0, '', '2021-01-04 09:25:58'),
(450, '6287736477995', 13, 'Pelaku biasanya berjudi sabung ayam,dirumah yg jualan keponakan dan anak buah mengedarkan di lapangan', 0, '', '2021-01-04 09:27:34'),
(451, '6287736477995', 14, '', 0, '', '2021-01-04 09:27:46'),
(452, '6287736477995', 14, 'SELESAI', 0, '', '2021-01-04 09:28:07'),
(453, '6287736477995', 14, 'Ok', 0, '', '2021-01-04 09:28:17'),
(454, '6287736477995', 14, 'STATUS#30010001', 0, '', '2021-01-04 10:41:00'),
(455, 'status@broadcast', 1, 'cubittttttt siniiihhh', 0, '', '2021-01-04 12:49:09'),
(456, 'status@broadcast', 0, '', 0, '', '2021-01-06 15:52:50'),
(457, 'status@broadcast', 1, '????', 0, '', '2021-01-06 18:51:06'),
(458, '628977089291', 0, 'Tes', 0, '', '2021-03-28 10:34:43'),
(459, '628977089291', 1, '4', 0, '', '2021-03-28 10:34:49'),
(460, '628977089291', 5, 'Selesai', 0, '', '2021-03-28 10:36:03'),
(461, '628977089291', 0, 'Menu', 0, '', '2021-03-28 10:36:12'),
(462, '628977089291', 1, '4', 0, '', '2021-03-28 10:36:16'),
(463, '628977089291', 5, 'Ok', 0, '', '2021-03-28 10:36:24'),
(464, '628977089291', 0, 'Menu', 0, '', '2021-03-28 10:37:00'),
(465, '628977089291', 1, '4', 0, '', '2021-03-28 10:37:04'),
(466, '628977089291', 0, 'menu', 0, '', '2021-03-28 10:51:16'),
(467, '628977089291', 1, '1', 0, '', '2021-03-28 10:51:20'),
(468, '628977089291', 0, 'menu', 0, '', '2021-03-28 10:51:29'),
(469, '628977089291', 1, '2', 0, '', '2021-03-28 10:51:33'),
(470, '628977089291', 0, 'Tes', 0, '', '2021-03-29 14:34:28'),
(471, '628977089291', 1, '5', 0, '', '2021-03-29 14:34:33'),
(472, '628977089291', 0, 'Menu', 0, '', '2021-03-29 14:41:02'),
(473, '628977089291', 1, '5', 0, '', '2021-03-29 14:41:06'),
(474, '628977089291', 1, '4', 0, '', '2021-03-29 14:41:16'),
(475, '628977089291', 0, 'Menu', 0, '', '2021-03-29 14:54:18'),
(476, '628977089291', 1, '5', 0, '', '2021-03-29 14:54:22'),
(477, '628977089291', 0, 'Menu', 0, '', '2021-03-29 15:04:19'),
(478, '628977089291', 1, '5', 0, '', '2021-03-29 15:04:23'),
(479, '628977089291', 6, 'Tes, 848595,pemcam kesugihan', 0, '', '2021-03-29 15:04:38'),
(480, '628977089291', 22, '', 0, '', '2021-03-29 15:04:46'),
(481, '628977089291', 22, 'Selesai', 0, '', '2021-03-29 15:04:50'),
(482, '628977089291', 0, 'Menu', 0, '', '2021-03-29 15:05:05'),
(483, '628977089291', 1, '1', 0, '', '2021-03-29 15:05:08'),
(484, '628977089291', 2, 'Jfjfjff', 0, '', '2021-03-29 15:05:12'),
(485, '628977089291', 0, 'Menu', 0, '', '2021-03-29 15:06:19'),
(486, '628977089291', 1, '1', 0, '', '2021-03-29 15:06:22'),
(487, '628977089291', 2, 'Hfjjff', 0, '', '2021-03-29 15:06:25'),
(488, '628977089291', 21, '', 0, '', '2021-03-29 15:06:31'),
(489, '628977089291', 21, 'Selesai', 0, '', '2021-03-29 15:06:37'),
(490, '628977089291', 0, 'Menu', 0, '', '2021-03-29 15:06:47'),
(491, '628977089291', 1, '3', 0, '', '2021-03-29 15:06:56'),
(492, '628977089291', 4, 'Bcbfnf', 0, '', '2021-03-29 15:06:59'),
(493, '628977089291', 7, 'Hdhdhd', 0, '', '2021-03-29 15:07:03'),
(494, '628977089291', 8, 'Hdhff', 0, '', '2021-03-29 15:07:06'),
(495, '628977089291', 9, 'Jdjfjr', 0, '', '2021-03-29 15:07:09'),
(496, '628977089291', 10, 'Hfjjff', 0, '', '2021-03-29 15:07:12'),
(497, '628977089291', 11, 'Jfjjfj', 0, '', '2021-03-29 15:07:15'),
(498, '628977089291', 12, 'Hhfjjfjuhfnf', 0, '', '2021-03-29 15:07:19'),
(499, '628977089291', 14, '', 0, '', '2021-03-29 15:07:31'),
(500, '628977089291', 14, 'Lanjut', 0, '', '2021-03-29 15:07:36'),
(501, 'status@broadcast', 1, '????', 0, '', '2021-03-29 15:07:38'),
(502, '628977089291', 1, 'Selesai', 0, '', '2021-03-29 15:07:42'),
(503, '628977089291', 0, 'Tes', 0, '', '2021-03-30 08:47:02'),
(504, 'status@broadcast', 1, 'Terimakasih Kesbangpol Kebumen jadi bisa mengedukasi pelajar di Kebumen ????', 0, '', '2021-03-30 12:40:34'),
(505, 'status@broadcast', 0, 'belajar terus pokoknya', 0, '', '2021-04-06 10:42:44'),
(506, '628977089291', 0, 'Test', 0, '', '2021-04-07 08:47:01'),
(507, '628977089291', 1, '5', 0, '', '2021-04-07 08:47:09'),
(508, 'status@broadcast', 1, '', 0, '', '2021-04-07 12:17:51'),
(509, 'status@broadcast', 1, '', 0, '', '2021-04-07 12:18:00'),
(510, '628977089291', 0, 'Yth. Kepala BNN RI\nDari : Kepala BNNP Jawa Tengah\nTembusan : \n1. Sestama BNN RI\n2. Para Deputi BNN RI\n3. Kapuslitdatin BNN RI\n4. Ka. Biro Humas & Protokol BNN RI\n========================\nMohon Izin melaporkan Kegiatan Unggah Konten Melalui Media Sosial BNNK Cilacap\n========================\nHari/Tgl : Jumat, 8 April 2022\nTempat :  Media Sosial BNNK Cilacap\nPelaksana Kegiatan : BNN Kabupaten Cilacap\n========================\nJumat (8/4), BNN Kabupaten Cilacap melakukan kegiatan unggah konten melalui media sosial mengenai *MMB to MPP* yang bertujuan memberikan informasi kepada masyarakat tentang kegiatan Kepala beserta staf BNNK Cilacap pada saat mengunjungi Mal Pelayanan Publik Kabupaten Banyumas dalam rangka studi banding peningkatan pelayanan publik BNNK Cilacap dan langkah awal adanya Mal Pelayanan Publik Kabupaten Cilacap. \nAdapun link media sosial yang dapat diakses adalah sebagai berikut:\nInstagram : \nhttps://www.instagram.com/reel/CcCc-P4p8cK/?utm_medium=copy_link\n\nKegiatan berjalan dengan lancar. Terima Kasih\n\n#warondrugs\n#perangmelawannarkoba\n#infobnn_ri\n#infobnn_prov_jawatengah\n#jatenggayenglawannarkobabarengbareng\n#bnnkcilacap\n#mlebudesangajakwargabersihnarkoba\n#semangatbergerakbersamabnnkcilacapmenujucilacapbersinar\n#orangapakorakepenak\n#indonesiabersinar\n#cilacapbersinar', 0, '', '2021-04-08 11:18:23'),
(511, 'status@broadcast', 1, '', 0, '', '2021-04-08 11:53:08'),
(512, 'status@broadcast', 1, 'Berkah ramadhan jere????', 0, '', '2021-04-08 14:00:18'),
(513, 'status@broadcast', 1, 'Asile????', 0, '', '2021-04-08 14:12:29'),
(514, 'status@broadcast', 1, '', 0, '', '2021-04-13 09:33:03'),
(515, 'status@broadcast', 1, 'dan sudah disini ????', 0, '', '2021-04-13 09:33:05'),
(516, '628977089291', 1, 'Selamat pagi', 0, '', '2021-04-13 09:33:08'),
(517, '628977089291', 1, 'Selamat pagi', 0, '', '2021-04-13 09:35:19'),
(518, '628977089291', 0, 'Menu', 0, '', '2021-04-13 09:44:15'),
(519, '628977089291', 1, '', 0, '', '2021-04-13 12:25:41'),
(520, '628977089291', 1, 'IMG_20220413_123054.jpg', 0, '', '2021-04-13 12:27:50'),
(521, '628977089291', 1, 'IMG_20220413_063011.jpg', 0, '', '2021-04-13 12:40:18'),
(522, '628977089291', 1, 'IMG_20220413_063455.jpg', 0, '', '2021-04-13 12:40:25'),
(523, '628977089291', 0, 'Slamat pagi', 0, '', '2021-04-18 09:39:18'),
(524, 'status@broadcast', 1, '????????', 0, '', '2021-04-18 11:47:00'),
(525, '628977089291', 0, 'Selamat pagi', 0, '', '2021-04-19 08:25:31'),
(526, '628977089291', 0, '#', 0, '', '2021-04-19 09:40:46'),
(527, '628158139945', 1, 'Selamat pagi.', 0, '', '2021-04-19 09:44:56'),
(528, '628158139945', 1, '4', 0, '', '2021-04-19 09:46:06'),
(529, '628158139945', 0, 'Menu', 0, '', '2021-04-19 09:46:45'),
(530, '628158139945', 1, '1', 0, '', '2021-04-19 09:46:59'),
(531, '628158139945', 2, 'Marwan\nIrtama\n08158139945', 0, '', '2021-04-19 09:47:58'),
(532, '628158139945', 21, '', 0, '', '2021-04-19 09:48:22'),
(533, '628158139945', 21, 'SELESAI', 0, '', '2021-04-19 09:48:45'),
(534, '628158139945', 0, 'Menu', 0, '', '2021-04-19 09:52:23'),
(535, '628158139945', 1, '4', 0, '', '2021-04-19 09:52:57'),
(536, '628977089291', 5, 'Halo', 0, '', '2021-04-19 11:42:06'),
(537, '628977089291', 0, 'Menu', 0, '', '2021-04-19 11:42:18'),
(538, '628977089291', 1, '3', 0, '', '2021-04-19 11:42:51'),
(539, 'status@broadcast', 4, 'Hore pulang gasik... mati listrik????????', 0, '', '2021-04-19 12:46:07'),
(540, '628977089291', 0, 'Malam', 0, '', '2021-04-19 21:45:47'),
(541, '628977089291', 1, '4', 0, '', '2021-04-19 21:45:53'),
(542, '628977089291', 0, 'Menu', 0, '', '2021-04-19 21:47:15'),
(543, '628977089291', 1, '4', 0, '', '2021-04-19 21:47:19'),
(544, '628977089291', 5, 'Hrjjjjfjfrr', 0, '', '2021-04-19 21:47:22'),
(545, '628977089291', 5, 'Selesai', 0, '', '2021-04-19 21:47:27'),
(546, 'status@broadcast', 1, '', 0, '', '2021-04-20 16:10:07'),
(547, '628977089291', 0, 'Selamat pagi', 0, '', '2021-04-21 08:06:02'),
(548, 'status@broadcast', 1, '', 0, '', '2021-04-21 08:53:23'),
(549, 'status@broadcast', 1, '', 0, '', '2021-04-21 09:26:13'),
(550, 'status@broadcast', 1, '', 0, '', '2021-04-21 09:40:27'),
(551, 'status@broadcast', 1, 'Yang resmi dulu???????????? @Rehabsossquad', 0, '', '2021-04-21 09:46:11'),
(552, 'status@broadcast', 1, 'Yang resmi dulu???????????? @Rehabsossquad', 0, '', '2021-04-21 11:21:05'),
(553, '628977089291', 1, 'Selamat pagi', 0, '', '2021-04-21 11:21:38'),
(554, 'status@broadcast', 1, 'mama kartininya aku ???? #YaAllohKangenMama', 0, '', '2021-04-21 13:11:20'),
(555, 'status@broadcast', 0, 'Ceroboh..????????‍♀️', 0, '', '2021-04-22 11:58:48'),
(556, 'status@broadcast', 1, 'pengen main yang jaohhhh', 0, '', '2021-04-22 12:33:55'),
(557, '628977089291', 0, 'Selamat pagi', 0, '', '2021-04-25 07:53:47'),
(558, '628977089291', 0, 'Selamat pagi', 0, '', '2021-04-25 07:56:23'),
(559, '628977089291', 0, 'Selamat pagi', 0, '', '2021-04-25 08:01:06'),
(560, '628977089291', 0, 'Selamat pagi', 0, '', '2021-04-25 08:06:59'),
(561, '628977089291', 0, 'Pagi', 0, '', '2021-04-25 08:09:38'),
(562, 'status@broadcast', 1, 'Test', 0, '', '2021-04-25 08:33:37'),
(563, 'status@broadcast', 1, 'Jalan\"e kalih mbah\"????', 0, '', '2021-04-25 10:59:54'),
(564, '628977089291', 0, 'Selamat pagi', 0, '', '2021-04-26 08:36:56'),
(565, 'status@broadcast', 1, '', 0, '', '2021-04-26 12:22:41'),
(566, '628977089291', 0, 'Selamat pg', 0, '', '2021-04-27 08:33:15'),
(567, '628977089291', 0, 'Selamat pagi', 0, '', '2021-04-28 06:53:34'),
(568, '628977089291', 0, 'Pagi', 0, '', '2021-05-11 07:44:46'),
(569, 'status@broadcast', 1, 'Nggegrekmu ... renyah bgt mba ...???? guemeees', 0, '', '2021-05-11 11:12:50'),
(570, 'status@broadcast', 1, '', 0, '', '2021-05-11 11:55:50'),
(571, 'status@broadcast', 1, 'Joss kampanye hidup sehatnya ????????????????', 0, '', '2021-05-11 16:38:16'),
(572, 'status@broadcast', 1, '', 0, '', '2021-05-11 17:05:14'),
(573, 'status@broadcast', 1, 'Capek ya mba..', 0, '', '2021-05-11 17:54:45'),
(574, 'status@broadcast', 1, '', 0, '', '2021-05-13 10:54:00'),
(575, 'status@broadcast', 1, '????', 0, '', '2021-05-13 12:06:51'),
(576, 'status@broadcast', 1, '', 0, '', '2021-05-13 12:35:00'),
(577, 'status@broadcast', 1, '', 0, '', '2021-05-13 14:32:29'),
(578, 'status@broadcast', 1, '????', 0, '', '2021-05-13 15:10:04'),
(579, 'status@broadcast', 1, '', 0, '', '2021-05-31 10:50:24'),
(580, 'status@broadcast', 1, '', 0, '', '2021-05-31 10:50:25'),
(581, 'status@broadcast', 1, '', 0, '', '2021-05-31 10:50:35'),
(582, 'status@broadcast', 1, '', 0, '', '2021-05-31 10:50:46'),
(583, 'status@broadcast', 1, 'Sekedar cerita, kalau *tiap hari minum susu sapi murni*, terus suatu ketika minum susu kotak yg kata pabriknya asli 100% susu segar/sapi, terasa ada yang berbeda. Memang benar, rasa tidak pernah bohong', 0, '', '2021-05-31 11:06:12'),
(584, '628977089291', 0, 'Siang', 0, '', '2021-06-02 12:08:47'),
(585, 'status@broadcast', 1, '', 0, '', '2021-06-02 15:55:11'),
(586, 'status@broadcast', 0, 'Lg eror', 0, '', '2021-06-06 08:03:16'),
(587, 'status@broadcast', 1, '', 0, '', '2021-06-06 12:57:10'),
(588, 'status@broadcast', 1, 'Maternuwun ust raehanul bahraen', 0, '', '2021-06-06 14:55:25'),
(589, 'status@broadcast', 1, '', 0, '', '2021-06-07 11:51:04'),
(590, 'status@broadcast', 1, 'Kenapa dinamakan bubur kesel nggih?', 0, '', '2021-06-14 14:35:30'),
(591, 'status@broadcast', 1, '????', 0, '', '2021-06-27 15:32:23'),
(592, 'status@broadcast', 0, 'Tes', 0, '', '2021-06-28 08:44:46'),
(593, 'status@broadcast', 1, 'Assalamualaikum wr. wb. Dalam rangka evaluasi atas pelayanan publik yang diselenggarakan oleh BNN Kabupaten Cilacap di periode Triwulan II Tahun 2022, kami melakukan survei layanan kepada masyarakat. Kami mengucapkan terima kasih apabila Anda bersedia untuk membantu kami mengisi survei layanan ini. Survei layanan dapat diakses melalui \n\n: https://bit.ly/SurveyLayananBNNKCLP', 0, '', '2021-06-28 09:21:46'),
(594, 'status@broadcast', 1, '', 0, '', '2021-06-28 12:28:39'),
(595, 'status@broadcast', 1, 'Kampus Bersinar', 0, '', '2021-06-28 12:29:47'),
(596, 'status@broadcast', 1, '', 0, '', '2021-06-28 12:30:04'),
(597, '628977089291', 0, 'Selamat siang', 0, '', '2021-06-28 14:31:09'),
(598, 'status@broadcast', 1, 'Alhamdulillah????', 0, '', '2021-06-28 14:31:32'),
(599, 'status@broadcast', 1, 'Kebetulan Tambahan ilmu sedikit bagi ortu yg lgi masa pengasuhan 1000 HPK????', 0, '', '2021-06-29 09:32:29'),
(600, 'status@broadcast', 1, 'Hasil cek mata..???? alhamdulillah  esih sehat... wkwkw', 0, '', '2021-07-04 11:00:12'),
(601, 'status@broadcast', 1, 'Ditungguin tante bidan.. malah gk bobo2..????', 0, '', '2021-07-04 11:27:20'),
(602, 'status@broadcast', 1, '', 0, '', '2021-07-04 11:43:57'),
(603, 'status@broadcast', 1, '', 0, '', '2021-07-04 12:56:40'),
(604, 'status@broadcast', 1, 'Masya Alloh, Luar biasa kata-katanya Bpk M. Bakhtiar Arifin (pelatih sepatu roda legend)', 0, '', '2021-07-04 13:52:19'),
(605, 'status@broadcast', 1, 'Perfecto Bpk ????????????????', 0, '', '2021-07-04 13:54:41'),
(606, 'status@broadcast', 1, '', 0, '', '2021-07-04 13:56:32'),
(607, 'status@broadcast', 1, '', 0, '', '2021-07-04 15:26:39'),
(608, 'status@broadcast', 1, 'Pupus dulu tawarannya....', 0, '', '2021-07-04 15:27:28'),
(609, 'status@broadcast', 1, 'Semuanya demi  ????????', 0, '', '2021-07-04 15:40:47'),
(610, 'status@broadcast', 1, '', 0, '', '2021-07-05 12:24:37'),
(611, 'status@broadcast', 1, '', 0, '', '2021-07-05 13:57:01'),
(612, '628977089291', 1, 'Tes', 0, '', '2021-07-05 14:26:20'),
(613, '6281326112628', 1, 'Test', 0, '', '2021-07-05 14:27:19'),
(614, 'status@broadcast', 1, '', 0, '', '2021-07-05 16:01:19'),
(615, 'status@broadcast', 1, '', 0, '', '2021-07-05 16:10:05'),
(616, 'status@broadcast', 1, 'Merk legendaris ????', 0, '', '2021-07-07 12:42:29'),
(617, 'status@broadcast', 1, 'Wkwkwk', 0, '', '2021-07-07 12:45:34'),
(618, '628977089291', 1, 'Siang', 0, '', '2021-07-07 15:19:36'),
(619, '628977089291', 1, '1', 0, '', '2021-07-07 15:19:48'),
(620, '6285700416954', 0, 'Assalamualaikum wr.wb.', 0, '', '2021-07-08 12:04:26'),
(621, '6285700416954', 1, 'Saya Ibu Yuni dari SMP N 1 Adipala', 0, '', '2021-07-08 12:04:26'),
(622, '6285700416954', 1, 'Mohon maaf sekolah kami berencana akan mengadakan sosialisasi P4GN pada Hari Sabtu, 16 juli 2022', 0, '', '2021-07-08 12:04:26'),
(623, '6285700416954', 1, 'saya bermaksud ingin menanyakan apakah dari pihak BNN bisa menjadi nara sumber pada hari tersebut?', 0, '', '2021-07-08 12:04:27'),
(624, '628977089291', 1, 'Test', 0, '', '2021-07-08 12:04:46'),
(625, '6285700416954', 1, '1', 0, '', '2021-07-08 12:05:04'),
(626, '6285700416954', 2, 'Sri Rahayu Yuni Astuti, SMP Negeri 1 Adipala, 086700416954', 0, '', '2021-07-08 12:06:11'),
(627, 'status@broadcast', 1, '????', 0, '', '2021-07-08 13:49:36'),
(628, '628562622235', 1, '', 0, '', '2021-07-08 14:29:28'),
(629, '628562622235', 1, 'Assalamu\'alaikum wr wb\nMohon maaf..perkenalkan kami perwakilan  dari SMP Negri 2 Maos..mohon ijin untuk mengirimkan file permohonan materi dan jadwal kegiatan MPLS tahun pelajaran 2022/2023\nWassalamu\'alaikum wr wb????????????????', 0, '', '2021-07-08 14:29:28'),
(630, '628562622235', 1, 'jadwal mpls_4.pdf', 0, '', '2021-07-08 14:30:03'),
(631, '628562622235', 1, 'jadwal mpls_1.pdf', 0, '', '2021-07-08 14:30:18'),
(632, '628562622235', 1, 'Mohon maaf ada salah penulisan hari...\nUntuk tanggal 13 Juli seharusnya hari rabu????????????????', 0, '', '2021-07-08 15:08:21'),
(633, 'status@broadcast', 1, 'Persiapan Penyembelihan Qurban', 0, '', '2021-07-08 15:37:11'),
(634, '628977089291', 0, 'Pagi', 0, '', '2021-07-11 09:04:48'),
(635, 'status@broadcast', 1, '????', 0, '', '2021-07-11 09:38:59'),
(636, 'status@broadcast', 1, 'SMP N 1 Cilacap, sekolah aku ????', 0, '', '2021-07-11 12:50:07'),
(637, 'status@broadcast', 1, 'Pacaran sik demi Indonesia ????????yang lebih baik ????', 0, '', '2021-07-11 14:22:04'),
(638, 'status@broadcast', 1, 'Hati-hati Bpk/Ibu/Mas/Mbak, penipuan modus baru, kalau diklik, masuk ke website yg tampilannya persis seperti brimo, disuruh masukin username n password, modusnya utk daftar biar ga kena biaya transfer antarbank', 0, '', '2021-07-11 14:57:51'),
(639, 'status@broadcast', 1, 'Apa yg terjadi setelah masukin username n password (misal siA)?kmgknn data username n password siA akan tersimpan di website mereka n akhirnya brimo siA bisa digunakan oleh mereka', 0, '', '2021-07-11 15:04:49'),
(640, 'status@broadcast', 1, '', 0, '', '2021-07-12 08:41:00'),
(641, '6285700416954', 1, 'Assalamualaikum', 0, '', '2021-07-12 09:48:04'),
(642, '6285700416954', 1, '1', 0, '', '2021-07-12 09:48:12'),
(643, '6285700416954', 2, 'Sei Rahayu Yuni Astuti, SMP Negeri 1 Adipala, 085700416954', 0, '', '2021-07-12 09:48:47'),
(644, '6285700416954', 21, '', 0, '', '2021-07-12 09:49:21'),
(645, '6285700416954', 21, 'SELESAI', 0, '', '2021-07-12 09:49:53'),
(646, '628977089291', 0, 'Update#10070001#2', 0, '', '2021-07-12 09:56:44'),
(647, '628977089291', 0, 'Status#10070001', 0, '', '2021-07-12 09:57:05'),
(648, 'status@broadcast', 1, 'SMPN 2 Maos', 0, '', '2021-07-12 13:08:49'),
(649, 'status@broadcast', 1, '????', 0, '', '2021-07-12 13:51:56'),
(650, '6285700416954', 0, '1', 0, '', '2021-07-13 12:17:18'),
(651, '6285700416954', 1, '1', 0, '', '2021-07-13 12:17:32'),
(652, '6285700416954', 2, 'Sri Rahayu Yuni Astuti, SMP Negeri 1 Adipala, 085700416954', 0, '', '2021-07-13 12:18:09'),
(653, '6285700416954', 21, 'CamScanner 07-13-2022 11.27.pdf', 0, '', '2021-07-13 12:23:32'),
(654, '6285700416954', 21, 'SELESAI', 0, '', '2021-07-13 12:23:40'),
(655, 'status@broadcast', 1, 'SMK Boedi Oetomo 2 Gdrgmangu', 0, '', '2021-07-13 12:44:09'),
(656, 'status@broadcast', 1, 'Smg jd generasi yg sukses SMK Boedi Oetomo 2 Gdrgmangu', 0, '', '2021-07-13 12:45:09'),
(657, 'status@broadcast', 1, 'https://www.instagram.com/reel/Cf6RyanBF_6/?igshid=MDJmNzVkMjY= \n\nKalian kuat para mom\'s????????', 0, '', '2021-07-13 14:03:33'),
(658, '628977089291', 0, 'Update#10070002#2', 0, '', '2021-07-14 10:25:01'),
(659, 'status@broadcast', 1, '', 0, '', '2021-07-14 10:59:00'),
(660, 'status@broadcast', 1, '????', 0, '', '2021-07-14 12:43:13'),
(661, 'status@broadcast', 1, '????', 0, '', '2021-07-14 13:03:58'),
(662, 'status@broadcast', 1, '', 0, '', '2021-07-14 13:08:47'),
(663, '6285888466566', 1, 'Permohonan Mengisi Penyuluhan Narkoba di PT. Patra Cahaya Kusuma.pdf', 0, '', '2021-07-15 14:05:15'),
(664, '6285888466566', 1, '1', 0, '', '2021-07-15 14:05:42'),
(665, '6285888466566', 2, 'Merryza, Patra Cahaya Kusuma, 085888466566', 0, '', '2021-07-15 14:07:09'),
(666, '6285888466566', 21, 'Permohonan Mengisi Penyuluhan Narkoba di PT. Patra Cahaya Kusuma.pdf', 0, '', '2021-07-15 14:07:31'),
(667, '6285888466566', 21, 'SELESAI', 0, '', '2021-07-15 14:07:41'),
(668, '628977089291', 21, 'UPDATE#10070003#2', 0, '', '2021-07-15 14:31:36'),
(669, 'status@broadcast', 1, '', 0, '', '2021-07-15 15:20:51'),
(670, 'status@broadcast', 1, '????', 0, '', '2021-07-18 11:03:19'),
(671, 'status@broadcast', 1, '', 0, '', '2021-07-18 11:22:31'),
(672, 'status@broadcast', 1, 'Pulang2 .. udh dpt amplop coklat lgi... ????????', 0, '', '2021-07-18 13:04:55'),
(673, 'status@broadcast', 1, 'Yuk sehat yukk ????????', 0, '', '2021-07-18 14:02:24'),
(674, 'status@broadcast', 1, 'Baru tahu ????', 0, '', '2021-07-20 09:36:57'),
(675, 'status@broadcast', 1, 'Kirain bapaknya ke mana ????', 0, '', '2021-07-20 09:39:24'),
(676, 'status@broadcast', 1, 'Disaat sidang  \npelaku & korbannya adalah anak, dan peksosnya hanya seorang diri ????‍????????\nHaruskah ku membelah diri', 0, '', '2021-07-20 10:42:17'),
(677, '6285888466566', 1, 'STATUS#10070003', 0, '', '2021-07-20 14:44:54'),
(678, '628977089291', 1, 'Tes', 0, '', '2021-07-20 14:45:45'),
(679, 'status@broadcast', 1, '????', 0, '', '2021-07-21 15:50:14'),
(680, 'status@broadcast', 1, 'kita temenan sejak 2014, iyalah prajab bareng ????', 0, '', '2021-07-27 11:34:30'),
(681, '628977089291', 0, 'Pagi', 0, '', '2021-08-04 08:41:00'),
(682, 'status@broadcast', 1, '*GURU* niku sae, tapi menawi *meng-GURU-i* sanjange mboten sae', 0, '', '2021-08-04 15:57:22'),
(683, 'status@broadcast', 1, '', 0, '', '2021-08-08 09:45:04'),
(684, 'status@broadcast', 1, 'Grimis-grimis  ngumpul di lapangan????', 0, '', '2021-08-08 10:18:27'),
(685, 'status@broadcast', 1, 'https://www.youtube.com/watch?v=Jdj13fGMmmA', 0, '', '2021-08-08 14:10:10'),
(686, 'status@broadcast', 1, 'KAPA', 0, '', '2021-08-08 17:05:20'),
(687, 'status@broadcast', 1, 'Bnyk hal tjd hari ini #???? asyuraaaa', 0, '', '2021-08-08 17:06:40'),
(688, 'status@broadcast', 1, 'KAPA KAMA SMK N KARANGPUCUNG', 0, '', '2021-08-08 17:09:28'),
(689, 'status@broadcast', 1, 'Alhamdulillah, *Segala Puji utk Alloh*, Mohon doanya Bpk/Ibu/Mas/Mbak agar bisa juara 1 ????????????????, aamiin aamiin aamiin ????????????????????', 0, '', '2021-08-09 10:15:58'),
(690, 'status@broadcast', 1, 'Alhamdulillah, proses naturalisasi selesai, siap ikut lomba 17an ????', 0, '', '2021-08-09 10:53:52'),
(691, 'status@broadcast', 1, 'Alhamdulillah, proses naturalisasi selesai, siap ikut tarkam ????', 0, '', '2021-08-09 10:55:03'),
(692, 'status@broadcast', 1, 'Alhamdulillah, akhirnya bisa membela timnas RT 4 ????. Efek positif pelayanan terpadu di kec ngaliyan bisa buat KK n ktp di hari Sabtu dgn proses das des sat set', 0, '', '2021-08-15 09:20:20'),
(693, 'status@broadcast', 1, 'Selamat kepada 4 besar ????????????????, semoga makin sukses, aamiin', 0, '', '2021-08-22 10:55:58'),
(694, 'status@broadcast', 1, '', 0, '', '2021-09-08 10:57:37'),
(695, 'status@broadcast', 1, 'Jogo anake wong sik.. ????', 0, '', '2021-09-08 11:52:37'),
(696, '628977089291', 1, 'Tes', 0, '', '2021-09-08 12:34:24'),
(697, '6281225542465', 1, '', 0, '', '2021-09-08 12:34:36'),
(698, '6281225542465', 1, 'Halo', 0, '', '2021-09-08 12:35:17'),
(699, '6281225542465', 1, '1', 0, '', '2021-09-08 12:35:27'),
(700, '6281225542465', 2, 'Kukuh Jamaludin, S. Kom, PT Cilacap Bercahaya, 08977089291', 0, '', '2021-09-08 12:35:52'),
(701, '6281225542465', 21, '1272.01 BNN Kabupaten Cilacap - Penawaran Kalibrasi 31-8-2022.pdf', 0, '', '2021-09-08 12:36:08'),
(702, '6281225542465', 21, 'Selesai', 0, '', '2021-09-08 12:36:13'),
(703, '628977089291', 0, 'UPDATE#10090001#2', 0, '', '2021-09-08 12:38:59'),
(704, '628977089291', 0, 'Halo', 0, '', '2021-09-08 12:56:54'),
(705, '6281225542465', 1, 'Halo', 0, '', '2021-09-08 13:19:56'),
(706, '6281225542465', 1, '4', 0, '', '2021-09-08 13:20:08'),
(707, '6281225542465', 5, 'Jfjjrjjfb jfjjrjjfb jfjjrjjfb jjrjjrjrr. Jjrjrjjrjjrjjhrhjrnnfjfjjrnfjrr rjrjjnrnr jjrjrjrnrnrjfnnrnfnnnfjfn fjr jdnnr fjrjrjr rhrjur jrjrurutht jrjjjrhrrnrnrjrjjjrhrjj jrjrjjjeje', 0, '', '2021-09-08 13:45:23'),
(708, '6281225542465', 5, 'Selesai', 0, '', '2021-09-08 13:45:28'),
(709, '628977089291', 5, 'Tes', 0, '', '2021-09-08 14:27:28'),
(710, '628977089291', 1, '2', 0, '', '2021-09-08 14:27:42'),
(711, '6281225542465', 3, 'Halo', 0, '', '2021-09-08 15:09:26'),
(712, 'status@broadcast', 1, '????', 0, '', '2022-09-09 16:23:25'),
(713, 'status@broadcast', 1, '', 0, '', '2022-09-12 15:31:11'),
(714, 'status@broadcast', 1, '', 0, '', '2022-09-12 15:31:36'),
(715, 'status@broadcast', 1, '', 0, '', '2022-09-12 15:45:22'),
(716, 'status@broadcast', 1, '', 0, '', '2022-09-12 15:46:40'),
(717, 'status@broadcast', 1, '', 0, '', '2022-09-12 15:47:33'),
(718, 'status@broadcast', 1, '', 0, '', '2022-09-12 15:51:49'),
(719, 'status@broadcast', 1, 'Barokallohu laka wa baroka \'alaika wa jama\'a baynakuma fii khayr.. adik.bungsuku... slmt menmpuh prjalanan baru penuh drama.. ????', 0, '', '2022-09-13 09:41:27'),
(720, '628557280029', 1, 'Selamat siang kak', 0, '', '2022-09-13 12:38:39'),
(721, 'status@broadcast', 1, '', 0, '', '2022-09-13 13:21:14'),
(722, '628557280029', 0, 'Sing ka, kemarin dari STIEM Cilacap mengirim surat untuk meminta pihak BNN sebagai pemateri', 0, '', '2022-09-14 09:07:53'),
(723, 'status@broadcast', 1, '', 0, '', '2022-09-14 09:10:40'),
(724, '6281326112628', 1, 'Hallo', 0, '', '2022-09-14 10:55:35'),
(725, '6281326112628', 1, '4', 0, '', '2022-09-14 10:55:46'),
(726, '6281326112628', 5, 'Apakah bisa untuk pembayaran surat narkoba melalui m-banking?', 0, '', '2022-09-14 10:56:18'),
(727, '6281326112628', 5, 'Selesai', 0, '', '2022-09-14 10:58:12'),
(728, '628977089291', 5, 'siang', 0, '', '2022-09-14 11:07:42'),
(729, '628977089291', 1, '4', 0, '', '2022-09-14 11:07:45'),
(730, '628977089291', 5, 'dsggdhdhs', 0, '', '2022-09-14 11:08:44'),
(731, '628977089291', 5, 'selesai', 0, '', '2022-09-14 11:09:37'),
(732, '628977089291', 5, 'siang', 0, '', '2022-09-14 11:09:44'),
(733, '628977089291', 0, 'menu', 0, '', '2022-09-14 11:09:48'),
(734, '628977089291', 1, '4', 0, '', '2022-09-14 11:09:51'),
(735, '628977089291', 0, 'siang', 0, '', '2022-09-14 11:10:35'),
(736, '628977089291', 1, '4', 0, '', '2022-09-14 11:10:39'),
(737, '628977089291', 0, 'menu', 0, '', '2022-09-14 11:12:05'),
(738, '628977089291', 1, '4', 0, '', '2022-09-14 11:12:08'),
(739, '628977089291', 5, 'Jamal, 043434373473', 0, '', '2022-09-14 11:12:18'),
(740, '628977089291', 23, 'hskgsdieht judsere jsdhsdguewth sdkdsgjsdiewt', 0, '', '2022-09-14 11:12:26'),
(741, '628977089291', 23, 'selesai', 0, '', '2022-09-14 11:12:30'),
(742, 'status@broadcast', 1, 'Terima kasih bapak-bapak BC', 0, '', '2022-09-15 13:45:25'),
(743, 'status@broadcast', 1, 'Mendung2 grimis meh melaut meng ngendi tho bi..bi.. ????', 0, '', '2022-09-15 15:19:59'),
(744, 'status@broadcast', 1, 'panutan emang ni my partner aku sing duwe rompi we ratau make ????', 0, '', '2022-09-16 10:02:41'),
(745, '628977089291', 0, 'Pagi', 0, '', '2022-09-20 10:11:55'),
(746, '628977089291', 1, '4', 0, '', '2022-09-20 10:12:01'),
(747, '628977089291', 5, 'Jamal, 08977089291', 0, '', '2022-09-20 10:12:11'),
(748, '628977089291', 23, 'Ncndnd jdnjjf jdjjhhehbdhjdj ndjhhf', 0, '', '2022-09-20 10:12:18'),
(749, '628977089291', 23, 'Selesai', 0, '', '2022-09-20 10:12:23'),
(750, '628977089291', 0, 'Halo', 0, '', '2022-09-20 10:16:35'),
(751, '628977089291', 1, '4', 0, '', '2022-09-20 10:16:40'),
(752, '628977089291', 5, 'Jamal, 0488595', 0, '', '2022-09-20 10:16:46'),
(753, '628977089291', 23, 'Terimakasih atas layanan yang telah diberikan', 0, '', '2022-09-20 10:16:59'),
(754, '628977089291', 23, 'Selesai', 0, '', '2022-09-20 10:17:03'),
(755, '628977089291', 23, 'Update#40090007#5', 0, '', '2022-09-20 10:17:31'),
(756, '628977089291', 23, 'Status#40090007', 0, '', '2022-09-20 10:17:51'),
(757, 'status@broadcast', 1, 'Mlipir jalur lama sebentar', 0, '', '2022-09-20 10:31:26'),
(758, 'status@broadcast', 1, 'terimakasih kesayangann ????', 0, '', '2022-09-21 12:57:46'),
(759, 'status@broadcast', 1, 'baca cardnya mewek.. ☹️ punya temen pd baik baik amattt si', 0, '', '2022-09-21 13:29:04'),
(760, 'status@broadcast', 1, 'senengnya kaka dapet dari bu guru ngaji favorite', 0, '', '2022-09-22 09:55:31'),
(761, '628977089291', 1, 'Halo', 0, '', '2022-09-22 14:21:38'),
(762, '628977089291', 1, '2', 0, '', '2022-09-22 14:21:43'),
(763, 'status@broadcast', 1, '', 0, '', '2022-09-22 15:35:36'),
(764, 'status@broadcast', 1, '', 0, '', '2022-09-22 15:36:20'),
(765, 'status@broadcast', 1, '', 0, '', '2022-09-22 15:39:52'),
(766, 'status@broadcast', 1, '', 0, '', '2022-09-22 16:37:11'),
(767, '628977089291', 0, 'Tes', 0, '', '2022-09-23 09:58:48'),
(768, '6281510809018', 1, 'selamat pagi', 0, '', '2022-09-23 10:02:02'),
(769, '6281510809018', 1, '4', 0, '', '2022-09-23 10:02:28'),
(770, '6281510809018', 5, 'meta 081510809018', 0, '', '2022-09-23 10:02:47'),
(771, '6281510809018', 23, 'harga SKHPN kok mahal amat si kan kalo kita mau cari kerja butuh modal ya masa mahal banget', 0, '', '2022-09-23 10:03:29'),
(772, '6281510809018', 23, 'selesai', 0, '', '2022-09-23 10:03:44'),
(773, '628977089291', 23, 'Siang', 0, '', '2022-09-23 12:50:38'),
(774, '6287732970555', 1, 'Halo', 0, '', '2022-09-23 14:03:12'),
(775, '6287732970555', 1, '2', 0, '', '2022-09-23 14:03:30'),
(776, '6281326112628', 3, 'Selamat siang', 0, '', '2022-09-23 14:03:41'),
(777, '6281326112628', 1, '1', 0, '', '2022-09-23 14:03:51'),
(778, '6287732970555', 0, 'MENU', 0, '', '2022-09-23 14:03:58'),
(779, '6282136791998', 1, '', 0, '', '2022-09-23 14:04:02'),
(780, '6281380546210', 1, 'Melaporkan tetangganya saya kykna pake narkoba', 0, '', '2022-09-23 14:04:22'),
(781, '6282136791998', 1, '5', 0, '', '2022-09-23 14:04:26'),
(782, '6281326112628', 6, 'Sopiyah, SD Ujungmanik 01, 081326112628', 0, '', '2022-09-23 14:04:32'),
(783, '6281333955914', 22, '', 0, '', '2022-09-23 14:04:36'),
(784, '6281333955914', 1, '1', 0, '', '2022-09-23 14:04:36'),
(785, '6281380546210', 2, 'Sebaiknya gmn cara ngebilangin biar dia sembuh', 0, '', '2022-09-23 14:04:38'),
(786, '6281380546210', 21, '2', 0, '', '2022-09-23 14:04:50'),
(787, '6281380546210', 21, 'SELESAI', 0, '', '2022-09-23 14:05:19'),
(788, '6282136791998', 21, 'Mikael Notowisono, SMA Negeru, 08236186547', 0, '', '2022-09-23 14:05:42'),
(789, '6281225542465', 21, 'Halo', 0, '', '2022-09-23 14:05:43'),
(790, '6281225542465', 1, '1', 0, '', '2022-09-23 14:05:58'),
(791, '6282136791998', 2, 'Selesai', 0, '', '2022-09-23 14:06:09'),
(792, '628977089291', 0, 'Siang', 0, '', '2022-09-23 14:08:58'),
(793, '628977089291', 1, '1', 0, '', '2022-09-23 14:09:03'),
(794, '628977089291', 2, 'Hdhsjs', 0, '', '2022-09-23 14:09:07'),
(795, '628977089291', 21, '', 0, '', '2022-09-23 14:09:19'),
(796, '6281225542465', 21, 'Selamat siang', 0, '', '2022-09-23 14:09:37'),
(797, '6281225542465', 0, 'Menu', 0, '', '2022-09-23 14:09:42'),
(798, '6281225542465', 1, '1', 0, '', '2022-09-23 14:09:46'),
(799, '6281225542465', 2, 'Dian Febri, 0895773774, SMK YPE 1 Cilacap', 0, '', '2022-09-23 14:10:09'),
(800, '6281225542465', 21, '820220704796024.pdf', 0, '', '2022-09-23 14:10:20'),
(801, '6281225542465', 21, 'Selesai', 0, '', '2022-09-23 14:10:24'),
(802, '6282225455973', 21, 'Lapor', 0, '', '2022-09-23 14:11:20'),
(803, '6281337377471', 1, 'selamat siang', 0, '', '2022-09-23 14:11:24'),
(804, '6281337377471', 1, '1', 0, '', '2022-09-23 14:11:29'),
(805, '6282225455973', 2, '2', 0, '', '2022-09-23 14:11:30'),
(806, '6281337377471', 21, 'oke', 0, '', '2022-09-23 14:11:41'),
(807, '6281337377471', 21, 'selesai', 0, '', '2022-09-23 14:11:45'),
(808, '6282225455973', 0, 'Menu', 0, '', '2022-09-23 14:12:06'),
(809, '6282225455973', 1, '2', 0, '', '2022-09-23 14:12:15'),
(810, '6282225455973', 0, 'Menu', 0, '', '2022-09-23 14:12:25'),
(811, '6282225455973', 1, '3', 0, '', '2022-09-23 14:12:35'),
(812, '6282225455973', 0, 'Menu', 0, '', '2022-09-23 14:12:44'),
(813, '6282225455973', 1, '4', 0, '', '2022-09-23 14:12:48'),
(814, '6282225455973', 5, 'Dwi, 082225455973', 0, '', '2022-09-23 14:13:03'),
(815, '6282225455973', 23, 'Biaya pembuatan SKHPN mahal', 0, '', '2022-09-23 14:13:45'),
(816, '6282225455973', 23, 'SELESAI', 0, '', '2022-09-23 14:13:57'),
(817, '6281328253660', 23, '', 0, '', '2022-09-23 14:19:42'),
(818, '6281328253660', 1, 'Selamat sore kak', 0, '', '2022-09-23 14:19:42'),
(819, '6281225542465', 1, 'Siang', 0, '', '2022-09-23 14:21:08'),
(820, '628977089291', 1, '2', 0, '', '2022-09-23 14:34:09'),
(821, '628977089291', 0, 'Menu', 0, '', '2022-09-23 14:34:16'),
(822, '628977089291', 1, '5', 0, '', '2022-09-23 14:41:07'),
(823, '628977089291', 6, 'Ahmad Tohari, 08134588585,  PT Alfajaya Sukses', 0, '', '2022-09-23 14:41:38'),
(824, '628977089291', 22, 'BADAN NARKOTIKA NASIONAL.pdf', 0, '', '2022-09-23 14:42:33'),
(825, '628977089291', 22, 'Selesai', 0, '', '2022-09-23 14:42:37'),
(826, '628977089291', 22, 'Sore', 0, '', '2022-09-23 15:03:46'),
(827, '628977089291', 0, 'Menu', 0, '', '2022-09-23 15:03:56'),
(828, '6281294824215', 1, 'Selamat sore..????', 0, '', '2022-09-23 15:33:55'),
(829, '6281294824215', 1, '5', 0, '', '2022-09-23 15:34:19'),
(830, '6281294824215', 6, '1', 0, '', '2022-09-23 15:35:25'),
(831, '6281294824215', 22, 'Layanan nomor 1', 0, '', '2022-09-23 15:36:19'),
(832, '6281294824215', 0, 'MENU', 0, '', '2022-09-23 15:36:32'),
(833, '628977089291', 0, 'Selamat pagi', 0, '', '2022-09-26 08:11:20'),
(834, '628977089291', 1, 'Siang', 0, '', '2022-09-26 14:23:03'),
(835, 'status@broadcast', 1, 'ciaa ????', 0, '', '2022-09-27 09:25:24'),
(836, '628977089291', 1, 'Tes', 0, '', '2022-09-27 10:45:22'),
(837, 'status@broadcast', 1, 'Laa ba\'sa thohurun insyAllah, cepet sembuh sholihahny umi????', 0, '', '2022-09-27 12:01:55'),
(838, '628977089291', 1, '5', 0, '', '2022-09-27 13:04:08'),
(839, '628977089291', 1, '5', 0, '', '2022-09-27 13:04:14'),
(840, '628977089291', 0, 'Tes', 0, '', '2022-09-28 12:20:15'),
(841, 'status@broadcast', 1, 'Biarpun gk enak badan, makan dn gerak tetap auto full masyAllah..sehat2 ya nak', 0, '', '2022-09-28 13:11:43'),
(842, 'status@broadcast', 1, '', 0, '', '2022-09-29 07:56:47'),
(843, 'status@broadcast', 1, 'tersiksa amat kakak duduknya ????', 0, '', '2022-09-29 08:35:49'),
(844, 'status@broadcast', 1, '', 0, '', '2022-09-29 09:07:40'),
(845, '628977089291', 1, '????????????????????????????????????????????????????????????????????????☺????????????????????????????????????????????????????????????????????????????????????????????????????????????????????????????????????????????????????????????????????????????????????????????????????????????????????????????????????????????????????????????????????????????☹????????????????????????????????????????????????????????????????????????????????????????????????????????????????????????????????????????????????????☠????????????????????????????????????????????????????????????????????????????????????????????????????????????????????????????????????????????????????❣????❤????????????????????????????????????????????????????????????????????????????????????????????????????????????????????????????????????????????????????????????????????✋????????????????????✌????????????????????????????????????????????????????☝????✊????????????????????????☝????????✊✊☝????????☝☝????????✊????✊✊????????????????????????????????????????????????✍????✍????????????', 0, '', '2022-09-29 14:14:24'),
(846, '628977089291', 1, '5', 0, '', '2022-09-29 14:14:37'),
(847, 'status@broadcast', 1, 'ciaaa ????', 0, '', '2022-09-30 11:14:41'),
(848, 'status@broadcast', 1, 'my cia ????', 0, '', '2022-10-03 08:01:58'),
(849, 'status@broadcast', 1, 'Tidak ada kata terlambat utk belajar ????????', 0, '', '2022-10-03 11:26:43'),
(850, '628977089291', 1, 'Siang', 0, '', '2022-10-03 12:50:08'),
(851, '628977089291', 0, 'Pagi', 0, '', '2022-10-04 08:06:46'),
(852, '6283139914215', 1, 'Assalamualaikum warahmatullahi wabarakatuh. Selamat siang pak/bu, mohon maaf mengganggu aktivitas bapak/ibu.\nPerkenalkan saya Angga Firza Pratama dari SMAN 1 Kroya perwakilan dari Forum OSIS Cilacap. Tujuan saya menghubungi Bapak/Ibu untuk mengirimkan surat undangan kepada Bapak Kepala BNNK Cilacap pada kegiatan sosialisasi dan penyuluhan Narkoba dan AIDS. Adapun kegiatan sosialisasi tersebut merupakan bagian dari kegiatan Pekan Seni Pelajar Cilacap 2022 yang akan dilaksanakan pada hari *Kamis, 6 September 2022* sekitar *pukul 19.00 WIB* bertempat di *Rinjani Kuliner Nusantara (RIKUNA), Cilacap*. Kami harap Bapak Kepala BNNK Cilacap atau yang mewakili berkenan untuk menghadiri undangan kami. Mohon untuk konfirmasi dengan membalas pesan ini atau pada nomor yang tertera pada contact person. Terima kasih ????????', 0, '', '2022-10-04 11:24:30'),
(853, '6283139914215', 1, 'SURAT UNDANGAN BNN-.pdf', 0, '', '2022-10-04 11:24:48'),
(854, '6283139914215', 1, '1', 0, '', '2022-10-04 11:26:06'),
(855, '6283139914215', 2, 'Angga Firza Pratama, Forum OSIS Cilacap, 083139914215', 0, '', '2022-10-04 11:27:59'),
(856, '6283139914215', 21, 'SURAT UNDANGAN BNN-.pdf', 0, '', '2022-10-04 11:28:14'),
(857, '6283139914215', 21, 'SELESAI', 0, '', '2022-10-04 11:28:28'),
(858, '628977089291', 21, '5', 0, '', '2022-10-04 11:29:20'),
(859, '628977089291', 1, '5', 0, '', '2022-10-04 11:29:26'),
(860, '628977089291', 6, 'Hdhdjd', 0, '', '2022-10-04 11:29:33'),
(861, '628977089291', 22, '', 0, '', '2022-10-04 11:29:41'),
(862, '628977089291', 22, 'Selesai', 0, '', '2022-10-04 11:29:44'),
(863, 'status@broadcast', 1, 'Biar eksplor hal baru dn refresh otak, eyang sma Nuha keluar kandang dulu ya. #Latepost', 0, '', '2022-10-04 12:03:30'),
(864, 'status@broadcast', 1, '', 0, '', '2022-10-04 12:39:42'),
(865, 'status@broadcast', 1, '', 0, '', '2022-10-04 12:41:30'),
(866, 'status@broadcast', 1, 'Sisir air lagi.', 0, '', '2022-10-04 14:52:27'),
(867, 'status@broadcast', 1, 'be brave raras ????', 0, '', '2022-10-04 15:04:24'),
(868, 'status@broadcast', 1, 'kecamatan terluar di Cilacap', 0, '', '2022-10-04 15:30:29'),
(869, '628977089291', 1, 'Sore', 0, '', '2022-10-04 15:55:10'),
(870, '628977089291', 0, 'Pagi', 0, '', '2022-10-05 08:03:23'),
(871, '628977089291', 1, '5', 0, '', '2022-10-05 08:03:27'),
(872, '628977089291', 6, 'Hdhjdjjd', 0, '', '2022-10-05 08:03:31'),
(873, '628977089291', 22, '', 0, '', '2022-10-05 08:03:41'),
(874, '628977089291', 22, 'Selesai', 0, '', '2022-10-05 08:03:46'),
(875, '628977089291', 0, 'Y', 0, '', '2022-10-05 08:30:48'),
(876, '628977089291', 1, '5', 0, '', '2022-10-05 08:30:53'),
(877, '628977089291', 6, 'Hhh', 0, '', '2022-10-05 08:30:56'),
(878, '628977089291', 22, '', 0, '', '2022-10-05 08:31:07'),
(879, '628977089291', 22, 'Selesai', 0, '', '2022-10-05 08:31:14'),
(880, '628977089291', 0, 'Pagi', 0, '', '2022-10-05 08:33:19'),
(881, '628977089291', 1, '5', 0, '', '2022-10-05 08:33:28'),
(882, '628977089291', 6, 'Hdhdjd', 0, '', '2022-10-05 08:33:32'),
(883, '628977089291', 22, '', 0, '', '2022-10-05 08:33:41'),
(884, '628977089291', 22, 'Selesai', 0, '', '2022-10-05 08:33:45'),
(885, 'status@broadcast', 1, 'Mantap Om, met HUT TNI ke-77', 0, '', '2022-10-05 09:01:05'),
(886, 'status@broadcast', 1, 'Hati2 melalui jalur jeruklegi-kawunganten, dikarenakan adanya perbaikan penimbunan jalan di depan Wisata havana hill . #sepertinya akan berlangsung lama????????', 0, '', '2022-10-05 09:30:13'),
(887, 'status@broadcast', 1, 'Selamat y Beb, Barokalloh', 0, '', '2022-10-05 15:42:45'),
(888, '628977089291', 0, 'Pagi', 0, '', '2022-10-06 08:28:58'),
(889, 'status@broadcast', 1, 'Bismillah, Monggo', 0, '', '2022-10-06 09:04:33'),
(890, 'status@broadcast', 1, '', 0, '', '2022-10-06 10:20:48'),
(891, 'status@broadcast', 1, 'Alhamdulillah sekarang *banyak bgt event olahraga*, tinggal pilih, ikhtiar menuju lebih sehat n kuat n baqoh ????????', 0, '', '2022-10-06 10:23:21'),
(892, 'status@broadcast', 1, '', 0, '', '2022-10-06 10:26:30'),
(893, 'status@broadcast', 1, 'Dari sekian banyak jenis olahraga misal sepeda, sepatu roda, badminton, n main bola; menurut saya, *lari merupakan olahraga paling merakyat sedunia dengan hanya bermodalkan sepatu lari & kaos kaki*, mohon koreksi kalau salah ????', 0, '', '2022-10-06 10:30:35'),
(894, '628977089291', 0, 'Menu', 0, '', '2022-10-07 08:12:03'),
(895, '628977089291', 1, '5', 0, '', '2022-10-07 08:12:06'),
(896, '628977089291', 6, 'Ururjj', 0, '', '2022-10-07 08:12:09'),
(897, '628977089291', 22, '', 0, '', '2022-10-07 08:12:21'),
(898, '628977089291', 22, 'Selesai', 0, '', '2022-10-07 08:12:25'),
(899, '628977089291', 0, 'Menu', 0, '', '2022-10-07 08:16:26'),
(900, '628977089291', 1, '5', 0, '', '2022-10-07 08:16:30'),
(901, '628977089291', 6, 'Urir', 0, '', '2022-10-07 08:16:33'),
(902, '628977089291', 22, '', 0, '', '2022-10-07 08:17:36'),
(903, '628977089291', 22, 'Selesai', 0, '', '2022-10-07 08:17:39'),
(904, '628977089291', 0, 'Menu', 0, '', '2022-10-07 08:20:46'),
(905, '628977089291', 1, '5', 0, '', '2022-10-07 08:20:50'),
(906, '628977089291', 6, 'Hhfhrjjdke', 0, '', '2022-10-07 08:20:53'),
(907, '628977089291', 22, '', 0, '', '2022-10-07 08:21:03'),
(908, '628977089291', 22, 'Selesai', 0, '', '2022-10-07 08:21:06'),
(909, 'status@broadcast', 1, 'Gazzzz', 0, '', '2022-10-07 09:06:10'),
(910, 'status@broadcast', 1, '*World Smile Day ????*, jangan lupa bahagia dengan olahraga', 0, '', '2022-10-07 09:13:31'),
(911, 'status@broadcast', 1, '/9j/4AAQSkZJRgABAQAAAQABAAD/2wBDABEMDQ8NCxEPDg8TEhEUGSocGRcXGTQlJx8qPTZBQDw2OzpETGJTREhcSTo7VXRWXGVobW5tQlJ4gHdqf2JrbWn/2wBDARITExkWGTIcHDJpRjtGaWlpaWlpaWlpaWlpaWlpaWlpaWlpaWlpaWlpaWlpaWlpaWlpaWlpaWlpaWlpaWlpaWn/wgARCABgADYDASIAAhEBAxEB/8QAGgAAAgMBAQAAAAAAAAAAAAAABAUAAgYDAf/EABgBAAMBAQAAAAAAAAAAAAAAAAACAwEE/9oADAMBAAIQAxAAAADd+8bi1RO0uYuHKGh1q5wjpsvQ66p43GoXEMDnZJKSk9byR9UcgLsDWeiXGpkciBzRl1QcAaPck+dRQxLal4FAZVumSvQkrU7LIt9D4lcpNRB8ax80JhV+N5vetabns5wP/8QAHxEAAgIBBAMAAAAAAAAAAAAAAAECERIDECAhIjFB/9oACAECAQE/ACS8RCRmOdqhC9FdWRqq+iizAxTK3Sd9jmkx6lmQ5Ph//8QAHxEAAgIBBQEBAAAAAAAAAAAAAAECEQMQEhMhMUFR/9oACAEDAQE/AFOL8I95B6cQsSTsYxNt0iV3fwlJI5BZHG+hO/TtvSUoJVE2NqzFHZ6dfhsVFa//xAAxEAACAQMDAQcCBQUBAAAAAAABAgMABBEFEiExEyIjQVFhgTJxFBUzVMEQUoKT0eH/2gAIAQEAAT8A/pOMptB5Na2oW4jA/tNY8I/epeD8VdXDRsMGvxC+hpZAwyAakwxU88VrX60X2NEeD81N1+K1L6xX5mv7S8/1f+0NVx0tbwf4Y/mvzY/t7r5Uf9q8uvxWw9nIm3qXx/BojwfmpevxWp8MtdmvpWxfQUVUDoKwM9Kb9D5qY4PxWpSozDDAj18qPAzW9SThgcehrU7820Q7P626e1aXfSz3RWSQsCpIBov4NXJMgZAcFhjioXeKFI5AoYDzPBrXrmY3ItlJWPaCfetHsjDbS3L7t5O1QfOrq3iubuGGdmUkkd2rmwk03Voktt0isBtY+eetTqwgVwMEnaQPX2qO+V7hhsbucZPrVxcNNwyKVByARWqxRSxhmGJV+hh1ptRjtbQMiB+O8FPnVndvc6qk4G0R5OzOauFiFuGjXDZB496vNWKyyWRQ9QVfPTzqSTcWbgFjk49aMgPHmKnMgUPJNktzkt/FP2rKGbO3PDA9a0yTbqCjjBGOakAW1dGk2qR0JHXFThJ9Q3m5G1gO+E6Gpo5gWVMSKvR06Gnimz38hvfiotHvXj8RRk+TdRWqAWNtFbF8ydePKoG3zYzywxRs7iJBJt7ZDzleSPuOtCzISKSY9jHKMrkZLD2FIirCIwOAMVLGrHBUNt6ZFS6tdtOd83hjhdq4JHv71JI11cu53Pk+fXFaJpguLhWDMrI2dhXOfmrfSobfLNmRic89BWxDglFJAwMjoKaCNvqjU/FNZ27DBiQjr0rTLVbuOZy3fHIHtVnoUN3LGwymMFivGRVtFFbr2cSBQvpTY3YoKBT9KQ+RqOWOOZ0nhEcjAgMnG4Vo1uILQFXLq/KkjnFSN2d0M/TIOPvUoJUMn1L09/allDIGFF8mi3Nf//4AAwD/2Q==', 0, '', '2022-10-07 12:21:47'),
(912, 'status@broadcast', 1, 'farewell party rasa konser ????', 0, '', '2022-10-07 12:25:41'),
(913, 'status@broadcast', 1, 'man of the match ????', 0, '', '2022-10-07 12:26:45'),
(914, 'status@broadcast', 1, 'Allohumma shoyyiban naafi\'an... ????????', 0, '', '2022-10-07 12:41:26'),
(915, 'status@broadcast', 1, 'selamat purna tugas pak gentur... aku bakal kangen becandaan ama pak gentur ????', 0, '', '2022-10-07 13:00:42'),
(916, 'status@broadcast', 1, 'selamat berkumpul bersama keluarga mas rizky, terimakasih udah jadi partner in crime di p2m maafkan aku yg bawel yaaa.. ????', 0, '', '2022-10-07 13:02:06');
INSERT INTO `chats` (`id`, `from_wa_no`, `question_id`, `chat`, `has_media`, `attachment`, `created_at`) VALUES
(917, '628977089291', 1, 'Yth. Kepala BNN RI\nDari : Kepala BNNP Jawa Tengah\nTembusan : \n1. Sestama\n2. Para Deputi\n3. Kapuslitdatin\n4. Ka. Biro Humas & Protokol BNN RI\n=============================\nMohon Izin melaporkan kegiatan Penyelidikan dan Pemetaan Jaringan Dugaan Tindak Pidana Narkotika di Wilayah Kabupaten Cilacap\n=============================\nHari/Tgl : Jumat, Oktober 2022\nTempat :  Kantor BNN Kabupaten Cilacap\nPelaksana kegiatan : BNN Kabupaten Cilacap\n============================\nJumat (7/10) Tim Pemberantasan BNN Kabupaten cilacap melakukan Penyelidikan dan Pemetaan Jaringan Dugaan Tindak Pidana Narkotika di Wilayah Kabupaten Cilacap pada hari Kamis- Jumat tanggal 6-7 Oktober 2022. \nPenyelidikan  dilakukan atas dasar informasi dari masyarakat yang mengetahui adanya dugaan peredaran gelap narkotika yang ada di Kecamatan Kroya, Sampang dan Maos Kabupaten Cilacap. Pada kesempatan kali ini tim Pemberantasan melakukan pengumpulan bahan keterangan mengenai peredaran gelap narkortika di wilayah ketiga kecamatan tersebut. \nTim Pemberantasan BNN Kabupaten Cilacap sebelumnya mendapatkan informasi tentang adanya peredaran gelap narkoba yang diedarkan oleh seorang perempuan di wilayah Kecamatan Kroya. \nDari bahan keterangan yang didapat, perempuan tersebut saat ini juga memperjualkan narkortika jenis sabu. \nKegiatan penyelidikan masih berlangsung dan akan dilakukan penyelidikan lanjutan.\nDemikian dilaporkan, kegiatan berjalan dengan lancar. Terimakasih.\n#BNN\n#warondrugs\n#perangmelawannarkoba\n#infobnn_ri\n#infobnn_prov_jawatengah\n#mlebudesangajakwargabersihnarkoba\n#infobnn_kab_cilacap\n#indonesiabersinar', 0, '', '2022-10-07 13:35:29'),
(918, 'status@broadcast', 1, 'Teles jebes anyes \n????⛈️', 0, '', '2022-10-07 13:50:32'),
(919, '6282188713737', 0, '*PEMBERITAHUAN RESMI*\n\n*Anda Terdaftar Sebagai*\n*Penerima DANA BANSOS TAHAP 3*\n\n*Rp. 50jt dari PEMERINTAH melalui BPJS KESEHATAN PUSAT*\n\n*Untuk CARA KLAIM DANA BANSOSNYA* silahkan KETIK : *(KLAIM BANSOS)*\n\nkirim Via *WA* ke No: *+62831-3173-7177*\n\n*di harapkan kepada ANDA untuk tidak menyebarkan PESAN PEMBERITAHUAN ini*\n*karena hanya 10 orang terpilih dalam 1 provinsi yang TERDAFTAR DALAM PROGRAM BANSOS ini*', 0, '', '2022-10-10 10:02:07'),
(920, 'status@broadcast', 1, 'Buku wajib sebelum penyuluhan ????', 0, '', '2022-10-10 11:16:22'),
(921, 'status@broadcast', 1, 'Bismillah, ikhtiar menuju keluargaku surgaku, aamiin', 0, '', '2022-10-10 11:31:31'),
(922, 'status@broadcast', 1, 'Amplop panggilan..????', 0, '', '2022-10-10 13:59:40'),
(923, 'status@broadcast', 1, '', 0, '', '2022-10-10 15:02:41'),
(947, '628977089291', 0, 'Yes', 0, '', '2022-10-12 09:07:35'),
(948, '628977089291', 1, '5', 0, '', '2022-10-12 09:07:45'),
(949, '628977089291', 6, 'Iriiriiriie', 0, '', '2022-10-12 09:07:49'),
(950, '628977089291', 22, '', 0, '', '2022-10-12 09:08:03'),
(951, '628977089291', 22, 'Selesai', 0, '', '2022-10-12 09:08:06'),
(952, '628977089291', 22, 'terima kasih', 0, '', '2022-10-12 09:10:27'),
(953, '628977089291', 0, 'menu', 0, '', '2022-10-12 09:10:31'),
(954, '628977089291', 1, '2', 0, '', '2022-10-12 09:10:45'),
(955, '628977089291', 0, 'menu', 0, '', '2022-10-12 09:15:11'),
(956, '628977089291', 0, 'menu', 0, '', '2022-10-12 09:35:27'),
(957, '628977089291', 0, 'Tes', 0, '', '2022-10-25 08:22:48'),
(958, '628977089291', 0, 'Menu', 0, '', '2022-10-26 08:10:34'),
(959, 'status@broadcast', 1, '', 0, '', '2022-10-26 08:52:05'),
(960, 'status@broadcast', 1, 'Tes koneksi', 0, '', '2022-10-26 09:33:38'),
(961, '628977089291', 1, '2', 0, '', '2022-10-26 11:18:57'),
(962, '628977089291', 1, '5', 0, '', '2022-10-26 11:19:06'),
(963, '628977089291', 6, '<blockquote class=\"twitter-tweet\"><p lang=\"in\" dir=\"ltr\">Masih ga masuk di akal gw.<br>PNS yg udah kerja bertahun-tahun, CPNS yg masa kerja belum setahun, honorer, office boy (dan 3 orang saksi lainnya) bisa sekongkol buat memperkosa.<br>Ini siapa yg punya ide duluan?? Gak ada malu banget buat bikin rencana, dan eksekusi kejahatannya. Setan!</p>&mdash; ASN ini beda (@pejabrut) <a href=\"https://twitter.com/pejabrut/status/1584532163130556417?ref_src=twsrc%5Etfw\">October 24, 2022</a></blockquote> <script async src=\"https://platform.twitter.com/widgets.js\" charset=\"utf-8\"></script>', 0, '', '2022-10-26 12:08:44'),
(964, '628977089291', 1, 'https://twitter.com/pejabrut/status/1584532163130556417?ref_src=twsrc%5Etfw', 0, '', '2022-10-26 12:08:56'),
(965, '628977089291', 1, '5', 0, '', '2022-10-26 13:11:49'),
(966, '628977089291', 1, '5', 0, '', '2022-10-26 13:11:53'),
(967, '628977089291', 0, 'Menu', 0, '', '2022-10-26 13:20:03'),
(968, '628977089291', 1, '2', 0, '', '2022-10-26 13:20:09'),
(969, '628977089291', 0, 'Menu', 0, '', '2022-10-26 13:20:15'),
(970, '628977089291', 0, 'mebu', 0, '', '2022-10-26 15:08:06'),
(971, '628977089291', 1, '2', 0, '', '2022-10-26 15:08:17'),
(972, 'status@broadcast', 1, '????', 0, '', '2022-10-26 15:36:27'),
(973, 'status@broadcast', 1, 'ASN kink beda ???? sibokkk amatttt sii Kepala Klinik Sehati', 0, '', '2022-10-26 15:43:11');

-- --------------------------------------------------------

--
-- Table structure for table `chats-old2`
--

CREATE TABLE `chats-old2` (
  `id` int(5) NOT NULL,
  `from_wa_no` varchar(20) NOT NULL,
  `question_id` int(2) NOT NULL,
  `chat` text NOT NULL,
  `has_media` tinyint(1) NOT NULL,
  `attachment` longtext NOT NULL,
  `created_at` datetime NOT NULL
) ENGINE=InnoDB DEFAULT CHARSET=utf8;

--
-- Dumping data for table `chats-old2`
--

INSERT INTO `chats-old2` (`id`, `from_wa_no`, `question_id`, `chat`, `has_media`, `attachment`, `created_at`) VALUES
(1, '6281392843397', 1, '1', 0, '', '2021-07-07 08:36:35'),
(2, '6281392843397', 1, '1', 0, '', '2021-07-07 08:36:43'),
(3, '6281392843397', 2, 'Jdjjdkd', 0, '', '2021-07-07 08:36:47'),
(4, '6281392843397', 5, 'Resume Binrohtal II.pdf', 0, '', '2021-07-07 08:36:55'),
(5, '6281392843397', 5, 'Selesai', 0, '', '2021-07-07 08:36:59'),
(6, '6281392843397', 0, 'Menu', 0, '', '2021-07-07 08:48:06'),
(7, '6281392843397', 1, '3', 0, '', '2021-07-07 08:48:11'),
(8, '6281392843397', 4, 'Iwan, 949595995', 0, '', '2021-07-07 08:48:18'),
(9, '6281392843397', 6, 'Jeruklegi kulon 7/9', 0, '', '2021-07-07 08:48:33'),
(10, '6281392843397', 7, 'Jaka, 9488484,19', 0, '', '2021-07-07 08:48:47'),
(11, '6281392843397', 8, 'Jalan bakung', 0, '', '2021-07-07 08:48:55'),
(12, '6281392843397', 9, 'Lahgun', 0, '', '2021-07-07 08:49:02'),
(13, '6281392843397', 10, 'Ganja', 0, '', '2021-07-07 08:49:47'),
(14, '6281392843397', 11, 'Ganja', 0, '', '2021-07-07 08:49:47'),
(15, '6281392843397', 13, '', 0, '', '2021-07-07 08:50:01'),
(16, '6281392843397', 13, 'Lanjut', 0, '', '2021-07-07 08:50:04'),
(17, '6281392843397', 13, 'Selesai', 0, '', '2021-07-07 08:50:08'),
(18, '6281392843397', 13, 'selamat pgi', 0, '', '2021-07-07 10:24:28'),
(19, '6281392843397', 1, '3', 0, '', '2021-07-07 10:25:15'),
(20, '6281392843397', 4, 'parto SH, 08977808988', 0, '', '2021-07-07 10:25:45'),
(21, '6281392843397', 6, 'Jl Angsana, No 13 Tritih Lor', 0, '', '2021-07-07 10:26:00'),
(22, '6281392843397', 7, 'Jaka, 0834546557, 24 tahun', 0, '', '2021-07-07 10:26:24'),
(23, '6281392843397', 8, 'tidak diketahui', 0, '', '2021-07-07 10:26:40'),
(24, '6281392843397', 9, 'Penjualan', 0, '', '2021-07-07 10:26:53'),
(25, '6281392843397', 10, 'Ganja dan Sabu', 0, '', '2021-07-07 10:27:07'),
(26, '6281392843397', 11, 'biasanya Jaka bertransaksi di Jl Angsana sekitaran masjid anNur . setiap hari sabtu pukul 3 sore', 0, '', '2021-07-07 10:27:55'),
(27, '6281392843397', 13, '', 0, '', '2021-07-07 10:28:26'),
(28, '6281392843397', 13, 'lanjut', 0, '', '2021-07-07 10:28:36'),
(29, '6281392843397', 13, 'selesai', 0, '', '2021-07-07 10:28:45'),
(30, '628977089291', 0, 'Halo', 0, '', '2021-07-22 08:58:45'),
(31, '6281392843397', 1, 'Halo', 0, '', '2021-07-22 08:59:21'),
(32, '6281392843397', 0, 'Halo', 0, '', '2021-07-22 09:08:00'),
(33, '6281392843397', 1, '3', 0, '', '2021-07-22 09:08:28'),
(34, '6281392843397', 4, 'Imam S, 9499595', 0, '', '2021-07-22 09:08:44'),
(35, '6281392843397', 6, 'Jeruklegi', 0, '', '2021-07-22 09:08:56'),
(36, '6281392843397', 7, 'Yanto, 9494', 0, '', '2021-07-22 09:09:28'),
(37, '6281392843397', 8, 'Jeruk legi wetan', 0, '', '2021-07-22 09:09:45'),
(38, '6281392843397', 9, 'Penyalahgunaan', 0, '', '2021-07-22 09:10:33'),
(39, '6281392843397', 10, 'Ganja', 0, '', '2021-07-22 09:10:49'),
(40, '6281392843397', 11, 'Memakai di gudang', 0, '', '2021-07-22 09:13:15'),
(41, '6281392843397', 12, '', 0, '', '2021-07-22 09:13:54'),
(42, '6281392843397', 13, 'Lanjut', 0, '', '2021-07-22 09:14:19'),
(43, '6281392843397', 13, 'Selesai', 0, '', '2021-07-22 09:14:35'),
(44, '6281392843397', 0, 'Halo', 0, '', '2021-07-23 08:11:45'),
(45, '6281392843397', 1, '3', 0, '', '2021-07-23 08:11:56'),
(46, '6281392843397', 4, 'Jamal, 959995', 0, '', '2021-07-23 08:12:03'),
(47, '6281392843397', 6, 'Cilacap', 0, '', '2021-07-23 08:12:10'),
(48, '6281392843397', 7, 'Jiran, 8585885,18', 0, '', '2021-07-23 08:12:22'),
(49, '6281392843397', 8, 'Jeruk legi', 0, '', '2021-07-23 08:12:29'),
(50, '6281392843397', 9, 'Penyalahgunaan', 0, '', '2021-07-23 08:12:42'),
(51, '6281392843397', 10, 'Sabu', 0, '', '2021-07-23 08:12:46'),
(52, '6281392843397', 11, 'Biasa nya di balaidesa', 0, '', '2021-07-23 08:12:55'),
(53, '6281392843397', 13, '', 0, '', '2021-07-23 08:13:13'),
(54, '6281392843397', 13, 'Lanjut', 0, '', '2021-07-23 08:13:17'),
(55, '6281392843397', 13, 'Selesai', 0, '', '2021-07-23 08:13:22'),
(56, '6289613863322', 13, 'Assalamu\'alaikum', 0, '', '2021-07-23 08:29:57'),
(57, '6289613863322', 1, 'Mau tanya, informasi tes narkoba, untuk biaya totalnya berapa ya kak????????????????????????????????', 0, '', '2021-07-23 08:29:57'),
(58, '6289613863322', 1, '2', 0, '', '2021-07-23 08:30:45'),
(59, '6289613863322', 3, '2', 0, '', '2021-07-23 08:31:15'),
(60, '6289613863322', 3, 'Selesai', 0, '', '2021-07-23 08:38:11'),
(61, '6281392843397', 3, 'Halo', 0, '', '2021-07-23 08:38:47'),
(62, '6281392843397', 0, 'Menu', 0, '', '2021-07-23 08:38:54'),
(63, '6281392843397', 0, 'Tes', 0, '', '2021-07-23 09:25:07'),
(64, '6281392843397', 1, '3', 0, '', '2021-07-23 09:25:18'),
(65, '6281392843397', 0, 'Test', 0, '', '2021-07-23 09:37:26'),
(66, '6289613863322', 1, 'Status#20070004', 0, '', '2021-07-23 09:38:56'),
(67, '6281392843397', 1, 'Halo', 0, '', '2021-07-23 10:19:26'),
(68, '6281392843397', 1, 'Halo', 0, '', '2021-07-23 10:46:31'),
(69, '6281392843397', 0, 'Halo', 0, '', '2021-07-26 07:46:58'),
(70, '6281392843397', 1, 'Test', 0, '', '2021-07-26 09:56:34'),
(71, '6281392843397', 1, '2', 0, '', '2021-07-26 09:56:35'),
(72, '6281392843397', 3, '1', 0, '', '2021-07-26 11:13:06'),
(73, '6283843297553', 1, '', 0, '', '2021-07-26 11:16:20'),
(74, '6283843297553', 1, '3', 0, '', '2021-07-26 11:16:35'),
(75, '6283843297553', 4, 'Suyanto', 0, '', '2021-07-26 11:16:51'),
(76, '6283843297553', 6, 'Jeruklegi Kulon', 0, '', '2021-07-26 11:17:16'),
(77, '6283843297553', 7, 'Tono,847478884, 23 th', 0, '', '2021-07-26 11:17:28'),
(78, '6283843297553', 8, 'Karanganyar', 0, '', '2021-07-26 11:17:35'),
(79, '6283843297553', 9, 'Kepemilikan', 0, '', '2021-07-26 11:17:47'),
(80, '6283843297553', 10, 'Sabu', 0, '', '2021-07-26 11:17:53'),
(81, '6283843297553', 11, 'ToLong ditindaklanjuti pak', 0, '', '2021-07-26 11:18:11'),
(82, '6283843297553', 13, '', 0, '', '2021-07-26 11:19:08'),
(83, '6283843297553', 13, 'Lanjut', 0, '', '2021-07-26 11:19:32'),
(84, '6283843297553', 13, 'Selesai', 0, '', '2021-07-26 11:19:38'),
(85, 'status@broadcast', 0, 'Test', 0, '', '2021-07-27 08:17:16'),
(86, '6281392843397', 1, 'Pagi', 0, '', '2021-07-27 08:17:32'),
(87, '628977089291', 0, 'Test', 0, '', '2021-07-29 10:35:36'),
(88, 'status@broadcast', 1, 'Terakhir ngajak refreshing mbah dengan personil minim.                        walaupun hnya bisanya k tluk penyu tpi pling gk bkin mbah brnostalgia & refresh.. ????', 0, '', '2021-07-29 14:02:41'),
(89, 'status@broadcast', 0, 'Kangen tawamu mbah...????', 0, '', '2021-07-30 09:42:22'),
(90, '6281392843397', 1, 'R', 0, '', '2021-07-30 10:26:00'),
(91, '6281392843397', 0, 'Test', 0, '', '2021-08-02 08:09:05'),
(92, '6281392843397', 0, 'Yest', 0, '', '2021-08-06 11:15:17'),
(93, '6281392843397', 0, 'Test', 0, '', '2021-08-16 13:25:22'),
(94, '6281392843397', 0, 'Test', 0, '', '2021-08-17 09:06:32'),
(95, '6281392843397', 1, '1', 0, '', '2021-08-17 09:07:41'),
(96, 'status@broadcast', 1, '', 0, '', '2021-08-17 09:20:49'),
(97, '628977089291', 0, 'Test', 0, '', '2021-09-01 09:07:54'),
(98, '6287826001948', 0, 'Mau tanya rule surat keterangan bebas narkoba d BBN gmn y pak', 0, '', '2021-09-14 10:16:29'),
(99, '6287826001948', 1, '2', 0, '', '2021-09-14 10:17:08'),
(100, '6287826001948', 3, '2', 0, '', '2021-09-14 10:18:12'),
(101, '6281392843397', 0, 'Tes', 0, '', '2021-09-15 09:09:20'),
(102, '6281392843397', 1, 'Test', 0, '', '2021-09-15 14:27:48'),
(103, '628977089291', 1, 'Pagi', 0, '', '2021-09-15 14:29:31'),
(104, '628977089291', 1, 'Test', 0, '', '2021-09-15 16:28:32'),
(105, '628977089291', 0, 'Test', 0, '', '2021-09-16 09:03:42'),
(106, '628977089291', 1, 'Test', 0, '', '2021-09-16 13:43:41'),
(107, '628977089291', 0, 'Tes', 0, '', '2021-09-20 09:24:11'),
(108, '6287837481914', 0, 'Halo', 0, '', '2021-09-22 15:13:22'),
(109, '628977089291', 0, 'Re', 0, '', '2021-09-23 08:15:21'),
(110, '628977089291', 0, 'Test', 0, '', '2021-09-27 10:57:00'),
(111, '628977089291', 0, 'Test', 0, '', '2021-09-28 10:02:14'),
(112, '628977089291', 1, 'Test', 0, '', '2021-09-28 12:37:26'),
(113, '628977089291', 1, 'Test', 0, '', '2021-09-28 12:41:55'),
(114, '628977089291', 1, '3', 0, '', '2021-09-28 12:42:14'),
(115, '628977089291', 4, 'Tet', 0, '', '2021-09-28 12:57:29'),
(116, 'status@broadcast', 1, 'Zoom in/out manual. Kamera nya ditarik-dorong. Inovatif dimulai dari hal sederhana????????', 0, '', '2021-09-28 13:06:54'),
(117, '628977089291', 1, 'Jl. Bromo', 0, '', '2021-09-28 13:07:04'),
(118, '628977089291', 1, '2', 0, '', '2021-09-28 13:07:21'),
(119, '628977089291', 3, 'Ss', 0, '', '2021-09-28 13:20:06'),
(120, '628977089291', 0, 'Menu', 0, '', '2021-09-28 13:20:16'),
(121, '628977089291', 1, '2', 0, '', '2021-09-28 13:22:23'),
(122, '628977089291', 3, 'selesai', 0, '', '2021-09-28 13:27:12'),
(123, '6281510809018', 3, 'selamat siang', 0, '', '2021-09-28 13:27:57'),
(124, '628977089291', 1, 'Test', 0, '', '2021-09-28 14:46:44'),
(125, '6281229911943', 1, 'Selamat siang', 0, '', '2021-09-28 14:54:40'),
(126, '628977089291', 1, 'Test', 0, '', '2021-09-28 14:56:00'),
(127, '6285801149132', 0, 'Selamat pagi', 0, '', '2021-09-29 08:41:00'),
(128, '6287719914592', 1, 'P', 0, '', '2021-09-29 08:41:06'),
(129, '6285801149132', 1, '2', 0, '', '2021-09-29 08:41:14'),
(130, '6287719914592', 3, '2', 0, '', '2021-09-29 08:41:14'),
(131, '6287719914592', 0, 'Menu', 0, '', '2021-09-29 08:41:24'),
(132, '6282143497106', 1, 'P', 0, '', '2021-09-29 08:41:27'),
(133, '6287719914592', 1, '1', 0, '', '2021-09-29 08:41:39'),
(134, '6285801149132', 0, 'Menu', 0, '', '2021-09-29 08:41:44'),
(135, '6285801149132', 1, '3', 0, '', '2021-09-29 08:41:55'),
(136, '6282143497106', 4, '3', 0, '', '2021-09-29 08:42:20'),
(137, '6285801149132', 6, 'Tabita Festiana, 085801149132', 0, '', '2021-09-29 08:42:26'),
(138, '6287719914592', 7, 'Thaufi, Sma negeri ,087766619945', 0, '', '2021-09-29 08:42:43'),
(139, '6282143497106', 8, 'Jl. Karang Banar Rt 22 Rw 06, Binangun, Binangun', 0, '', '2021-09-29 08:43:17'),
(140, '628977089291', 9, 'Test', 0, '', '2021-09-29 10:42:28'),
(141, '628977089291', 1, '3', 0, '', '2021-09-29 12:32:58'),
(142, '628977089291', 1, '3', 0, '', '2021-09-29 12:33:12'),
(143, '628977089291', 4, 'Kukuh J, 09488885', 0, '', '2021-09-29 12:33:25'),
(144, '628977089291', 6, 'Jeruklegi Kulon 8/4', 0, '', '2021-09-29 12:33:38'),
(145, '628977089291', 7, 'Jefri, 95895995, 56 th', 0, '', '2021-09-29 12:33:54'),
(146, '628977089291', 8, 'Jeruklegi Kulon 1/4', 0, '', '2021-09-29 12:34:10'),
(147, '628977089291', 9, 'Kepemilikan sabu', 0, '', '2021-09-29 12:34:20'),
(148, '628977089291', 10, 'Sabu', 0, '', '2021-09-29 12:34:25'),
(149, '628977089291', 11, 'Tidak ada', 0, '', '2021-09-29 12:34:38'),
(150, '628977089291', 13, '', 0, '', '2021-09-29 12:35:04'),
(151, '628977089291', 13, 'Lanjut', 0, '', '2021-09-29 12:35:26'),
(152, '628977089291', 13, 'Selesai', 0, '', '2021-09-29 12:35:31'),
(153, '628977089291', 13, 'UPDATE#30090002#3', 0, '', '2021-09-29 12:36:54'),
(154, '628977089291', 13, 'status#30090002', 0, '', '2021-09-29 12:37:52'),
(155, 'status@broadcast', 13, 'Test 2', 0, '', '2021-09-29 13:10:14'),
(156, 'status@broadcast', 1, '', 0, '', '2021-09-29 15:22:47'),
(157, '628977089291', 0, 'Test', 0, '', '2021-10-01 10:06:59'),
(158, '628977089291', 1, 'Test', 0, '', '2021-10-01 12:44:17'),
(159, '628977089291', 1, '1', 0, '', '2021-10-01 12:44:28'),
(160, '628977089291', 2, 'Sapardi, S. Kom, Dinas KBPPPA, 08123457757', 0, '', '2021-10-01 12:44:57'),
(161, '628977089291', 5, '148463_1632277164.pdf', 0, '', '2021-10-01 12:45:17'),
(162, '628977089291', 5, 'Selesai', 0, '', '2021-10-01 12:45:27'),
(163, 'status@broadcast', 5, 'Serba Menahan ...', 0, '', '2021-10-01 15:16:15'),
(164, '628977089291', 0, 'Test', 0, '', '2021-10-03 09:32:30'),
(165, '628977089291', 1, '4', 0, '', '2021-10-03 09:32:35'),
(166, '628977089291', 0, 'Test', 0, '', '2021-10-03 09:34:11'),
(167, '628977089291', 1, '4', 0, '', '2021-10-03 09:34:16'),
(168, '628977089291', 5, 'Jdjdjdjjdjjsjs', 0, '', '2021-10-03 09:34:22'),
(169, '628977089291', 15, '5', 0, '', '2021-10-03 09:34:27'),
(170, '628977089291', 15, 'Selesai', 0, '', '2021-10-03 09:34:32'),
(171, '628977089291', 0, 'Menu', 0, '', '2021-10-03 09:35:03'),
(172, '628977089291', 1, '2', 0, '', '2021-10-03 09:35:07'),
(173, '628977089291', 0, 'Menu', 0, '', '2021-10-03 09:35:21'),
(174, '628977089291', 1, '1', 0, '', '2021-10-03 09:35:24'),
(175, '628977089291', 2, 'Hfhjjd', 0, '', '2021-10-03 09:35:28'),
(176, '628977089291', 6, '', 0, '', '2021-10-03 09:35:43'),
(177, '628977089291', 6, 'Selesai', 0, '', '2021-10-03 09:35:46'),
(178, '628977089291', 0, 'Menu', 0, '', '2021-10-03 09:35:56'),
(179, '628977089291', 1, '3', 0, '', '2021-10-03 09:36:01'),
(180, '628977089291', 4, 'Jdjfj', 0, '', '2021-10-03 09:36:05'),
(181, '628977089291', 7, 'Hdur', 0, '', '2021-10-03 09:36:08'),
(182, '628977089291', 8, 'Udhe', 0, '', '2021-10-03 09:36:11'),
(183, '628977089291', 9, 'Urur', 0, '', '2021-10-03 09:36:14'),
(184, '628977089291', 10, 'Urueu', 0, '', '2021-10-03 09:36:17'),
(185, '628977089291', 11, 'Urur', 0, '', '2021-10-03 09:36:19'),
(186, '628977089291', 12, 'Hrue', 0, '', '2021-10-03 09:36:22'),
(187, '628977089291', 14, '', 0, '', '2021-10-03 09:36:37'),
(188, '628977089291', 14, 'Lanjut', 0, '', '2021-10-03 09:36:43'),
(189, '628977089291', 14, 'Selesai', 0, '', '2021-10-03 09:36:47'),
(190, '628977089291', 0, 'Test', 0, '', '2021-10-04 09:11:53'),
(191, '628977089291', 1, '4', 0, '', '2021-10-04 09:12:14'),
(192, '628977089291', 5, 'Bla... Bla... Bla....', 0, '', '2021-10-04 09:12:32'),
(193, '628977089291', 15, '6', 0, '', '2021-10-04 09:12:36'),
(194, '628977089291', 15, 'Selesai', 0, '', '2021-10-04 09:12:41'),
(195, '628977089291', 0, 'Test', 0, '', '2021-10-04 09:36:07'),
(196, '628977089291', 1, '4', 0, '', '2021-10-04 09:36:12'),
(197, '628977089291', 5, 'Kukuh, 058858895', 0, '', '2021-10-04 09:36:22'),
(198, '628977089291', 15, 'Bla bla bla', 0, '', '2021-10-04 09:36:34'),
(199, '628977089291', 16, '9', 0, '', '2021-10-04 09:36:39'),
(200, '628977089291', 16, 'Selesai', 0, '', '2021-10-04 09:36:45'),
(201, '628977089291', 16, 'Test', 0, '', '2021-10-04 12:03:20'),
(202, '628977089291', 1, 'Test', 0, '', '2021-10-04 13:58:30'),
(203, '628977089291', 0, 'Test', 0, '', '2021-10-04 20:37:53'),
(204, '628977089291', 1, '4', 0, '', '2021-10-04 20:51:41'),
(205, '628977089291', 0, 'Test', 0, '', '2021-10-04 20:53:00'),
(206, '628977089291', 1, '1', 0, '', '2021-10-04 20:53:10'),
(207, '628977089291', 2, 'Jjfjjj', 0, '', '2021-10-04 20:53:18'),
(208, '628977089291', 0, 'Menu', 0, '', '2021-10-04 20:53:23'),
(209, '628977089291', 1, '2', 0, '', '2021-10-04 20:53:29'),
(210, '628977089291', 0, 'Menu', 0, '', '2021-10-04 20:54:23'),
(211, '628977089291', 0, 'Test', 0, '', '2021-10-04 21:56:08'),
(212, '628977089291', 0, 'Test', 0, '', '2021-10-05 08:50:41'),
(213, '628977089291', 0, '', 0, '', '2021-10-05 09:11:50'),
(214, '628977089291', 0, 'Test', 0, '', '2021-10-05 09:11:50'),
(215, '628977089291', 1, '4', 0, '', '2021-10-05 09:11:57'),
(216, '628977089291', 5, 'Damas P, 968859455', 0, '', '2021-10-05 09:13:39'),
(217, '628977089291', 15, 'Jfjfjkfkodkkgkf', 0, '', '2021-10-05 09:13:43'),
(218, '628977089291', 16, '2', 0, '', '2021-10-05 09:13:47'),
(219, '628977089291', 16, 'Selesai', 0, '', '2021-10-05 09:13:53'),
(220, '628977089291', 16, 'Test', 0, '', '2021-10-05 09:21:11'),
(221, '628977089291', 0, 'Menu', 0, '', '2021-10-05 09:21:16'),
(222, '628977089291', 1, '2', 0, '', '2021-10-05 09:21:44'),
(223, '628977089291', 0, 'Menu', 0, '', '2021-10-05 09:34:34'),
(224, '628977089291', 1, '3', 0, '', '2021-10-05 09:35:14'),
(225, '628977089291', 4, 'Hdhd', 0, '', '2021-10-05 09:58:56'),
(226, '628977089291', 7, 'Hajaja', 0, '', '2021-10-05 10:27:26'),
(227, '628977089291', 8, 'Test', 0, '', '2021-10-05 11:58:12'),
(228, '628977089291', 1, '2', 0, '', '2021-10-05 12:46:25'),
(229, '628977089291', 1, 'Test', 0, '', '2021-10-05 13:45:10'),
(230, '628977089291', 1, '1', 0, '', '2021-10-05 14:22:46'),
(231, '6289690852007', 1, 'Halo', 0, '', '2021-10-05 14:34:16'),
(232, '6289690852007', 1, '', 0, '', '2021-10-05 14:34:16'),
(233, '628977089291', 1, 'Test', 0, '', '2021-10-05 14:34:16'),
(234, '6289690852007', 1, '4', 0, '', '2021-10-05 14:34:48'),
(235, '6289690852007', 5, 'wahyu 12345', 0, '', '2021-10-05 14:35:34'),
(236, '6289690852007', 15, 'gygyygl gvygyfyf vyvy gv', 0, '', '2021-10-05 14:36:00'),
(237, '6289690852007', 16, '1', 0, '', '2021-10-05 14:36:27'),
(238, '6289690852007', 16, 'selesai', 0, '', '2021-10-05 14:36:43'),
(239, '6289690852007', 0, 'menu', 0, '', '2021-10-05 14:36:53'),
(240, '628977089291', 1, 'Test', 0, '', '2021-10-05 14:42:09'),
(241, '628977089291', 0, 'Update#40100008#3', 0, '', '2021-10-05 14:42:09'),
(242, '628977089291', 1, '2', 0, '', '2021-10-05 14:43:21'),
(243, '628977089291', 0, 'Menu', 0, '', '2021-10-05 14:43:38'),
(244, '628977089291', 1, '1', 0, '', '2021-10-05 14:43:42'),
(245, '628977089291', 2, 'Jdjd', 0, '', '2021-10-05 14:45:42'),
(246, '628977089291', 6, 'Jdjdj', 0, '', '2021-10-05 14:45:50'),
(247, '628977089291', 0, 'Menu', 0, '', '2021-10-05 14:45:55'),
(248, '628977089291', 1, '1', 0, '', '2021-10-05 14:46:23'),
(249, '628977089291', 2, 'Jdjdjs, 9949994', 0, '', '2021-10-05 14:46:29'),
(250, '628977089291', 6, '', 0, '', '2021-10-05 14:46:42'),
(251, '628977089291', 6, 'Selesai', 0, '', '2021-10-05 14:46:45'),
(252, '628977089291', 6, 'Halo', 0, '', '2021-10-05 14:50:42'),
(253, '628977089291', 0, 'Menu', 0, '', '2021-10-05 14:50:49'),
(254, '628977089291', 1, '1', 0, '', '2021-10-05 14:54:47'),
(255, '628977089291', 2, 'Yusri Wijaya, SMA Al Irsyad, 084875884844', 0, '', '2021-10-05 14:55:10'),
(256, '628977089291', 6, 'LAMPIRAN JADWAL APEL okt.pdf', 0, '', '2021-10-05 14:55:32'),
(257, '628977089291', 6, 'Selesai', 0, '', '2021-10-05 14:55:37'),
(258, '628977089291', 0, 'Menu', 0, '', '2021-10-05 15:12:15'),
(259, '6289690852007', 1, 'Halo', 0, '', '2021-10-05 15:22:10'),
(260, '6289690852007', 1, '4', 0, '', '2021-10-05 15:23:39'),
(261, '6289690852007', 5, 'kukuh 1234567', 0, '', '2021-10-05 15:23:51'),
(262, '6289690852007', 15, 'pelayanan aga lambat', 0, '', '2021-10-05 15:24:07'),
(263, '6289690852007', 16, '6', 0, '', '2021-10-05 15:24:17'),
(264, '6289690852007', 16, 'selesai', 0, '', '2021-10-05 15:24:25'),
(265, '6289690852007', 0, 'menu', 0, '', '2021-10-05 15:24:50'),
(266, '6289690852007', 1, '1', 0, '', '2021-10-05 15:25:00'),
(267, '6289690852007', 2, 'wahyu bnn 1234567', 0, '', '2021-10-05 15:25:18'),
(268, '6289690852007', 6, '4 Oktober 2021.docx', 0, '', '2021-10-05 15:26:17'),
(269, '628977089291', 0, 'Test', 0, '', '2021-10-06 10:01:57'),
(270, 'status@broadcast', 1, '', 0, '', '2021-10-06 10:23:12'),
(271, 'status@broadcast', 1, 'Terimakasih Gombolharjo.. Perangkat Desa, Penggiat, Relawan, AP nya luar biasaaaaa ????', 0, '', '2021-10-06 10:28:42'),
(272, '628977089291', 1, '1', 0, '', '2021-10-06 15:13:10'),
(273, '628977089291', 1, '2', 0, '', '2021-10-06 15:13:17'),
(274, '628977089291', 0, 'Teat', 0, '', '2021-10-07 08:34:30'),
(275, '628977089291', 0, 'Test', 0, '', '2021-10-12 11:38:09'),
(276, '628977089291', 1, '2', 0, '', '2021-10-12 11:38:28'),
(277, '628977089291', 0, 'Menu', 0, '', '2021-10-12 11:38:43'),
(278, '628977089291', 1, '4', 0, '', '2021-10-12 11:39:10'),
(279, '628977089291', 0, 'menu', 0, '', '2021-10-12 11:42:43'),
(280, '628977089291', 1, '4', 0, '', '2021-10-12 11:42:47'),
(281, '628977089291', 0, 'menu', 0, '', '2021-10-12 11:42:55'),
(282, '628977089291', 1, '2', 0, '', '2021-10-12 11:42:59'),
(283, '628977089291', 0, 'menu', 0, '', '2021-10-12 11:43:17'),
(284, 'status@broadcast', 1, '', 0, '', '2021-10-12 13:03:30'),
(285, 'status@broadcast', 1, '', 0, '', '2021-10-12 13:03:31'),
(286, 'status@broadcast', 0, 'https://cilacapkab.bnn.go.id/6875-2/', 0, '', '2021-10-13 08:01:09'),
(287, '6281327444436', 1, '', 0, '', '2021-10-13 08:27:19'),
(288, '6281327444436', 1, 'Terima kasih telah menghubungi Bengkel KEMBAR PUTRA. Silakan beri tahu apa yang dapat kami bantu.', 0, '', '2021-10-13 08:27:28'),
(289, '628977089291', 0, 'Tws', 0, '', '2021-10-14 08:18:07'),
(290, '628977089291', 1, '4', 0, '', '2021-10-14 08:18:13'),
(291, '628977089291', 5, 'Test, 394995595950', 0, '', '2021-10-14 08:18:35'),
(292, '628977089291', 15, 'Bdnjdkkd jdjdkrkkr rujriieouut toypoejjwnd eiirhhwnalroor', 0, '', '2021-10-14 08:18:49'),
(293, '628977089291', 16, 'Bhdnjdjsjsjkss', 0, '', '2021-10-14 08:19:01'),
(294, '628977089291', 16, 'Selesai', 0, '', '2021-10-14 08:19:09'),
(295, '628977089291', 0, 'Menu', 0, '', '2021-10-14 08:23:27'),
(296, '628977089291', 1, '1', 0, '', '2021-10-14 08:23:32'),
(297, '628977089291', 2, 'Fffgj', 0, '', '2021-10-14 08:23:42'),
(298, '628977089291', 6, 'RINCIAN KERTAS KERJA SATKER (1).pdf', 0, '', '2021-10-14 08:24:14'),
(299, '628977089291', 6, 'Selesai', 0, '', '2021-10-14 08:24:26'),
(300, '628977089291', 6, 'Test', 0, '', '2021-10-14 13:55:54'),
(301, 'status@broadcast', 1, '', 0, '', '2021-10-15 10:04:56'),
(302, '6288239853924', 1, '', 0, '', '2021-10-15 13:55:55'),
(303, '6288239853924', 1, 'Terima kasih sudah menghubungi KoiKu. Kami sedang tidak ada saat ini, tetapi akan merespons secepat mungkin.????????????????', 0, '', '2021-10-15 13:56:00'),
(304, '6288239853924', 1, 'Koikucilacap\n0882-3985-3924\nhttps://maps.app.goo.gl/p2NYR6n8W1uXVqU77\n\nMasuk gang sebelah dapur mika (gang taruna) nanti belokan pertama belok kiri depan pintu masjid al-musthofa ada pintu besi warna hijau hitam', 0, '', '2021-10-15 15:59:36'),
(305, '6288239853924', 1, 'Koikucilacap\n0882-3985-3924\nhttps://maps.app.goo.gl/p2NYR6n8W1uXVqU77', 0, '', '2021-10-15 15:59:37'),
(306, '628977089291', 0, 'Slmt pagi', 0, '', '2021-10-18 09:44:26'),
(307, '628977089291', 0, 'Siang', 0, '', '2021-10-18 12:43:46'),
(308, '628977089291', 1, '2', 0, '', '2021-10-18 13:33:43'),
(309, '628977089291', 1, '2', 0, '', '2021-10-18 13:33:56'),
(310, '628977089291', 0, 'Menu', 0, '', '2021-10-18 15:24:18'),
(311, '628977089291', 0, 'Menu', 0, '', '2021-10-18 15:27:25'),
(312, '628977089291', 1, '2', 0, '', '2021-10-18 15:27:29'),
(313, '628977089291', 0, 'Menu', 0, '', '2021-10-18 15:27:50'),
(314, '628977089291', 1, '4', 0, '', '2021-10-18 15:27:55'),
(315, '628977089291', 5, 'Jdjjrj, 985889594', 0, '', '2021-10-18 15:28:03'),
(316, '628977089291', 15, 'Jgjjgkf', 0, '', '2021-10-18 15:28:07'),
(317, '628977089291', 16, 'Jjfjjfjnnf jjfjjfjnnf jjfjjfjnnf jjrikkr iotopruhs iruurj orlmgmtljr ieuhehhejjr kfkkfjjfjr jriktjt jriitjjrj jriitjjrj jrikrkr jkrkrk jrkker krieke jrkkfijjd jdikekr jrirkr jrkkkr', 0, '', '2021-10-18 15:28:34'),
(318, '628977089291', 16, 'Selesai', 0, '', '2021-10-18 15:28:40'),
(319, '628562639939', 0, '', 0, '', '2021-10-19 08:21:45'),
(320, '628562639939', 0, 'Halo', 0, '', '2021-10-19 08:21:46'),
(321, '628977089291', 1, 'Test', 0, '', '2021-10-19 10:18:06'),
(322, 'status@broadcast', 1, '', 0, '', '2021-10-19 12:19:18'),
(323, 'status@broadcast', 0, 'Siap launching... madu hutan murni... baik untuk kesehatan & daya tahan tubuh kalian..????????', 0, '', '2021-10-21 11:00:22'),
(324, 'status@broadcast', 1, 'ketika mantan penari liat orang nari.. ????', 0, '', '2021-10-21 14:51:02'),
(325, 'status@broadcast', 1, '????', 0, '', '2021-10-22 09:57:23'),
(326, '628977089291', 1, '1', 0, '', '2021-10-22 11:25:38'),
(327, 'status@broadcast', 1, 'today', 0, '', '2021-10-22 11:25:40'),
(328, '628977089291', 0, 'Pagi', 0, '', '2021-10-25 08:11:56'),
(329, 'status@broadcast', 1, '', 0, '', '2021-10-25 09:39:27'),
(330, 'status@broadcast', 1, 'Madu murni .. untuk antioksodan dan pertahanan imun tubuh...????????', 0, '', '2021-10-25 13:45:08'),
(331, '628977089291', 0, 'test', 0, '', '2021-10-26 10:50:58'),
(332, '628977089291', 0, 'menu', 0, '', '2021-10-26 10:52:33'),
(333, '628977089291', 1, '4', 0, '', '2021-10-26 10:54:58'),
(334, '628977089291', 5, 'Idris, S.T., 08635244425', 0, '', '2021-10-26 10:55:25'),
(335, '628977089291', 15, 'Pada saat saya melakukan tes urine, saya tidak tahu kalau bayarnya harus di kantor pos. jadi saya harus ke kantor pos dulu untuk membayar. kenapa tidak jadi satu saja supaya saya tidak bolak-balik', 0, '', '2021-10-26 10:57:31'),
(336, '628977089291', 16, 'mohon untuk dibuat skema yang lebih simpel supaya orang yang akan tes urine tidak usah bolak-balik ke kantor pos terlebih dulu.', 0, '', '2021-10-26 10:58:24'),
(337, '628977089291', 16, 'selesai', 0, '', '2021-10-26 10:58:32'),
(338, '628977089291', 0, 'menu', 0, '', '2021-10-26 11:01:46'),
(339, '628977089291', 1, '4', 0, '', '2021-10-26 11:01:51'),
(340, '628977089291', 5, 'Idris, S.T., 08635244425', 0, '', '2021-10-26 11:02:06'),
(341, '628977089291', 15, 'Pada saat saya melakukan tes urine, saya tidak tahu kalau bayarnya harus di kantor pos. jadi saya harus ke kantor pos dulu untuk membayar. kenapa tidak jadi satu saja supaya saya tidak bolak-balik', 0, '', '2021-10-26 11:02:22'),
(342, '628977089291', 16, 'mohon untuk dibuat skema yang lebih simpel supaya orang yang akan tes urine tidak usah bolak-balik ke kantor pos terlebih dulu.', 0, '', '2021-10-26 11:02:32'),
(343, '628977089291', 16, 'selesai', 0, '', '2021-10-26 11:02:37'),
(344, '628977089291', 0, 'menu', 0, '', '2021-10-26 11:04:18'),
(345, 'status@broadcast', 1, 'Test', 0, '', '2021-10-26 11:24:37'),
(346, 'status@broadcast', 1, '', 0, '', '2021-10-26 11:48:31'),
(347, '628977089291', 0, 'Test', 0, '', '2021-10-27 08:46:09'),
(348, '628977089291', 1, 'Tes', 0, '', '2021-10-27 09:59:12'),
(349, '628977089291', 0, 'Test', 0, '', '2021-10-28 08:43:59'),
(350, 'status@broadcast', 1, 'Alhamdulillah... bingkisan dri eyang cilacap udh nympe buat Duo-H..  langsung dicoba.. ????????sehat2 ya mamas dn dedek..', 0, '', '2021-10-28 09:14:35'),
(351, 'status@broadcast', 1, 'English zoom_with ChildFund-International', 0, '', '2021-10-28 10:02:50'),
(352, '6281333955914', 1, '', 0, '', '2021-10-28 13:24:52'),
(353, '6281333955914', 1, '', 0, '', '2021-10-28 13:24:52'),
(354, 'status@broadcast', 1, '', 0, '', '2021-10-28 15:06:36'),
(355, '628977089291', 0, 'Te', 0, '', '2021-10-29 08:14:20'),
(356, '628977089291', 0, 'Tes', 0, '', '2021-11-01 08:50:45'),
(357, 'status@broadcast', 1, 'my second family', 0, '', '2021-11-01 09:33:41'),
(358, '628977089291', 1, 'Siang', 0, '', '2021-11-01 15:11:34'),
(359, '628977089291', 1, '1', 0, '', '2021-11-01 15:11:42'),
(360, '628977089291', 2, 'Yudi, GANN Jeruklegi, 08588599666', 0, '', '2021-11-01 15:14:33'),
(361, '628977089291', 6, 'Nota Dinas Apel Pagi.pdf', 0, '', '2021-11-01 15:15:20'),
(362, '628977089291', 6, 'Selesai', 0, '', '2021-11-01 15:15:25'),
(363, '628977089291', 0, 'Test', 0, '', '2021-11-02 14:31:41'),
(364, 'status@broadcast', 1, 'Home is where Mom is ???? my favorite nyuluh sasarane ibu-ibu ????', 0, '', '2021-11-03 11:26:41'),
(365, '628977089291', 1, 'Test', 0, '', '2021-11-03 13:40:17'),
(366, 'status@broadcast', 1, '', 0, '', '2021-11-03 17:31:46'),
(367, 'status@broadcast', 1, '', 0, '', '2021-11-03 17:31:49'),
(368, 'status@broadcast', 1, 'Urung bukak ,kegasiken Jan ????', 0, '', '2021-11-04 08:34:23'),
(369, 'status@broadcast', 1, '', 0, '', '2021-11-04 08:34:24'),
(370, 'status@broadcast', 1, '', 0, '', '2021-11-04 09:45:28'),
(371, 'status@broadcast', 1, 'drama hari ini, berangkat skolah salah kostum, dianter baju olga jilbabnya ga nemu, pulang dijemput telat krn ayah riweh.. taken by pak nino ????', 0, '', '2021-11-04 12:32:29'),
(372, 'status@broadcast', 1, 'girang banget dah ????', 0, '', '2021-11-04 13:31:46'),
(373, 'status@broadcast', 1, '????', 0, '', '2021-11-05 10:32:28'),
(374, '628977089291', 0, 'Selamat pagi', 0, '', '2021-11-08 09:33:43'),
(375, '628977089291', 1, '3', 0, '', '2021-11-08 09:34:00'),
(376, '628977089291', 4, 'Jamaludin, 08713573863', 0, '', '2021-11-08 09:34:25'),
(377, '628977089291', 7, 'Jeruklegi Kulon Rt 8/4', 0, '', '2021-11-08 09:34:40'),
(378, '628977089291', 8, 'Wirto, tidak tahu, sekitar 35 tahun', 0, '', '2021-11-08 09:35:21'),
(379, '628977089291', 9, 'Jeruklegi Wetan', 0, '', '2021-11-08 09:35:31'),
(380, '628977089291', 10, 'Penjualan', 0, '', '2021-11-08 09:35:37'),
(381, '628977089291', 11, 'Sabu dan lainnya', 0, '', '2021-11-08 09:35:47'),
(382, '628977089291', 12, 'Saya pernah melihat dia bertransaksi di dekat makam desa Jeruklegi Wetan, hari Sabtu kemarin sekitar jam 4 sore. Dia bertransaksi dengan 2 orang lainnya', 0, '', '2021-11-08 09:37:37'),
(383, '628977089291', 14, '', 0, '', '2021-11-08 09:40:00'),
(384, '628977089291', 14, 'Lanjut', 0, '', '2021-11-08 09:40:06'),
(385, '628977089291', 14, 'Selesai', 0, '', '2021-11-08 09:40:12'),
(386, '628977089291', 0, 'Siang', 0, '', '2021-11-08 13:59:00'),
(387, '628977089291', 0, '2', 0, '', '2021-11-08 13:59:50'),
(388, '628977089291', 0, 'Menu', 0, '', '2021-11-08 14:00:10'),
(389, '628977089291', 1, 'Selamat siang', 0, '', '2021-11-08 14:01:20'),
(390, '628977089291', 1, '4', 0, '', '2021-11-08 14:01:45'),
(391, '628977089291', 5, 'Jamaludin, 0897477378255', 0, '', '2021-11-08 14:02:01'),
(392, '628977089291', 15, 'Beberapa hari yang lalu, saya pernah melihat seseorang yang mengaku anggota BNN yang melakukan ancaman kepada tetangga saya, dia mengancam akan memidanakan tetangga saya atas tuduhan kepemilikan narkotika jika tidak memberinya sejumlah uang', 0, '', '2021-11-08 14:03:25'),
(393, '628977089291', 16, 'Mohon segera ditindak, saya beralamat di desa Jeruklegi Kulon', 0, '', '2021-11-08 14:03:54'),
(394, '628977089291', 16, 'Selesai', 0, '', '2021-11-08 14:04:01'),
(395, 'status@broadcast', 0, 'Test', 0, '', '2021-11-08 14:45:50'),
(396, '628977089291', 0, 'Menu', 0, '', '2021-11-08 14:45:59'),
(397, '628977089291', 0, 'Pagi', 0, '', '2021-11-09 09:11:17'),
(398, '628977089291', 1, 'Tes', 0, '', '2021-11-09 09:31:45'),
(399, '628977089291', 1, '4', 0, '', '2021-11-09 09:36:08'),
(400, '628977089291', 5, 'Jdndj', 0, '', '2021-11-09 09:36:13'),
(401, '628977089291', 15, 'Hdhdh', 0, '', '2021-11-09 09:36:16'),
(402, '628977089291', 16, 'Jdjd', 0, '', '2021-11-09 09:36:21'),
(403, '628977089291', 16, 'Selesai', 0, '', '2021-11-09 09:36:25'),
(404, '6282242996641', 16, '', 0, '', '2021-11-09 09:43:42'),
(405, '6282242996641', 16, 'Halo', 0, '', '2021-11-09 09:43:42'),
(406, '6282242996641', 1, '4', 0, '', '2021-11-09 09:44:06'),
(407, '628977089291', 0, 'Menu', 0, '', '2021-11-09 10:18:27'),
(408, '628977089291', 0, 'Tes', 0, '', '2021-11-10 10:38:28'),
(409, 'status@broadcast', 1, 'bersama ibu pejabat hitss ????', 0, '', '2021-11-10 10:51:21'),
(410, 'status@broadcast', 1, 'Barokallohulaka wabaroka \'alaika wa jama\'a baynakuma fii khayr... wisnu dn hasna, akhirnya sah... smoga langgeng snantiasa dberikan kberkahan dlm prjlanan rumhtangga kalian.. aamiin????????????', 0, '', '2021-11-10 11:17:09'),
(411, 'status@broadcast', 1, 'Sop Iga dapur kharisma jl. rinjani emang selalu enakkk ????', 0, '', '2021-11-10 12:17:10'),
(412, '628977089291', 0, 'Rest', 0, '', '2021-11-11 07:56:50'),
(413, 'status@broadcast', 1, 'Jumat sehat', 0, '', '2021-11-12 11:17:22'),
(414, 'status@broadcast', 0, 'Sing sabar ya Bud,,,judule kecewa????', 0, '', '2021-11-15 12:56:35'),
(415, 'status@broadcast', 1, 'Yakin gk penasaran... nih????', 0, '', '2021-11-15 14:00:40'),
(416, '628977089291', 1, 'Tes', 0, '', '2021-11-15 14:22:56'),
(417, 'status@broadcast', 1, 'anak bayiii ????', 0, '', '2021-11-16 12:56:34'),
(418, '628977089291', 0, 'Pagi', 0, '', '2021-11-17 08:33:38'),
(419, 'status@broadcast', 1, 'https://www.instagram.com/reel/CWXSt8KpwVe/?utm_medium=copy_link', 0, '', '2021-11-17 11:56:18'),
(420, 'status@broadcast', 1, 'Kapok????', 0, '', '2021-11-18 12:00:13'),
(421, 'status@broadcast', 1, '', 0, '', '2021-11-18 12:59:23'),
(422, 'status@broadcast', 0, '', 0, '', '2021-11-19 12:59:19'),
(423, 'status@broadcast', 1, '', 0, '', '2021-11-19 15:56:44'),
(424, '628977089291', 0, 'Tes', 0, '', '2021-11-22 09:44:45'),
(425, '628112511105', 1, '', 0, '', '2021-11-22 14:43:16'),
(426, '628112511105', 1, 'Assalamualaikum. Selamat datang di Aqiqah&Catering Masakan Bunda Cilacap.\nSebutkan Nama Anda dan informasi yg anda butuhkan\n1. Aqiqah\n2. Nasi kotak\n3. Tumpeng\n4. Prasmanan\nTrimakasih ????', 0, '', '2021-11-22 14:43:19'),
(427, 'status@broadcast', 1, '', 0, '', '2021-11-23 08:16:39'),
(428, '628977089291', 1, 'Pagi', 0, '', '2021-11-23 08:18:02'),
(429, '628977089291', 0, 'Pagi', 0, '', '2021-11-30 08:24:38'),
(430, 'status@broadcast', 1, '', 0, '', '2021-11-30 09:20:16'),
(431, '628977089291', 0, 'Siang', 0, '', '2021-12-06 12:33:19'),
(432, 'status@broadcast', 0, 'Terimakasih kami ucapkan kpd kluarga besar BNNK Cilacap atas kunjungan dn baby gift-nya, smoga bermnfaat untuk putri kami, dan BNNK Cilacap smkin sukses ????????', 0, '', '2021-12-09 15:31:29'),
(433, '628112511105', 1, '', 0, '', '2021-12-09 15:31:32'),
(434, '628112511105', 1, 'Assalamualaikum. Selamat datang di Aqiqah&Catering Masakan Bunda Cilacap.\nSebutkan Nama Anda dan informasi yg anda butuhkan\n1. Aqiqah\n2. Nasi kotak\n3. Tumpeng\n4. Prasmanan\nTrimakasih ????', 0, '', '2021-12-09 15:31:35'),
(435, '628112511105', 1, 'Assalamualaikum. Selamat datang di Aqiqah&Catering Masakan Bunda Cilacap.\nSebutkan Nama Anda dan informasi yg anda butuhkan\n1. Aqiqah\n2. Nasi kotak\n3. Tumpeng\n4. Prasmanan\nTrimakasih ????', 0, '', '2021-12-09 15:36:52'),
(436, '628977089291', 0, 'Pagi', 0, '', '2021-12-14 08:04:01'),
(437, '62816516546', 1, '', 0, '', '2021-12-14 12:03:56'),
(438, 'status@broadcast', 1, '', 0, '', '2021-12-14 12:03:59'),
(439, '62816516546', 1, 'Assalamu \'Alaikum.. Selamat datang di Customer Service Aqiqah Almeera, Layanan paket dan jasa Aqiqah~Catering terpercaya, Siap melayani anda ????\n\nHallo Bagaimana kabar anda? Semoga selalu sehat dan bahagia yaa ????\n\nPerkenalkan saya *Shela* , Customer Service dari _*Aqiqah Almeera*_ , Mohon maaf sebelumnya, Untuk kelengkapan buku tamu, Kalau boleh tahu dengan *siapa* dan *dimana* ya kak?????????', 0, '', '2021-12-14 12:04:06'),
(440, 'status@broadcast', 1, 'https://www.instagram.com/reel/CXc0Pb1Jpyw/?utm_medium=copy_link\n\nyeayy main ke sekolah', 0, '', '2021-12-14 13:08:47'),
(441, '6287736477995', 1, 'Ini no wa jarum', 0, '', '2022-01-04 09:18:57'),
(442, '6287736477995', 1, '3', 0, '', '2022-01-04 09:19:22'),
(443, '6287736477995', 4, 'Leni rahayu,087736477995', 0, '', '2022-01-04 09:20:22'),
(444, '6287736477995', 7, 'Karang sari rt 3 rw 3,kawunganten', 0, '', '2022-01-04 09:21:05'),
(445, '6287736477995', 9, '', 0, '', '2022-01-04 09:23:21'),
(446, '6287736477995', 9, 'Rumino/jarum,081327266331', 0, '', '2022-01-04 09:24:02'),
(447, '6287736477995', 10, 'Kawunganten kompleks kuburan pahlawan depan rel', 0, '', '2022-01-04 09:24:55'),
(448, '6287736477995', 11, 'Penyalahgunaan/penjualan/kepemilikan', 0, '', '2022-01-04 09:25:29'),
(449, '6287736477995', 12, 'Tramadol/eximer dll', 0, '', '2022-01-04 09:25:58'),
(450, '6287736477995', 13, 'Pelaku biasanya berjudi sabung ayam,dirumah yg jualan keponakan dan anak buah mengedarkan di lapangan', 0, '', '2022-01-04 09:27:34'),
(451, '6287736477995', 14, '', 0, '', '2022-01-04 09:27:46'),
(452, '6287736477995', 14, 'SELESAI', 0, '', '2022-01-04 09:28:07'),
(453, '6287736477995', 14, 'Ok', 0, '', '2022-01-04 09:28:17'),
(454, '6287736477995', 14, 'STATUS#30010001', 0, '', '2022-01-04 10:41:00'),
(455, 'status@broadcast', 1, 'cubittttttt siniiihhh', 0, '', '2022-01-04 12:49:09'),
(456, 'status@broadcast', 0, '', 0, '', '2022-01-06 15:52:50'),
(457, 'status@broadcast', 1, '????', 0, '', '2022-01-06 18:51:06'),
(458, '628977089291', 0, 'Tes', 0, '', '2022-03-28 10:34:43'),
(459, '628977089291', 1, '4', 0, '', '2022-03-28 10:34:49'),
(460, '628977089291', 5, 'Selesai', 0, '', '2022-03-28 10:36:03'),
(461, '628977089291', 0, 'Menu', 0, '', '2022-03-28 10:36:12'),
(462, '628977089291', 1, '4', 0, '', '2022-03-28 10:36:16'),
(463, '628977089291', 5, 'Ok', 0, '', '2022-03-28 10:36:24'),
(464, '628977089291', 0, 'Menu', 0, '', '2022-03-28 10:37:00'),
(465, '628977089291', 1, '4', 0, '', '2022-03-28 10:37:04'),
(466, '628977089291', 0, 'menu', 0, '', '2022-03-28 10:51:16'),
(467, '628977089291', 1, '1', 0, '', '2022-03-28 10:51:20'),
(468, '628977089291', 0, 'menu', 0, '', '2022-03-28 10:51:29'),
(469, '628977089291', 1, '2', 0, '', '2022-03-28 10:51:33'),
(470, '628977089291', 0, 'Tes', 0, '', '2022-03-29 14:34:28'),
(471, '628977089291', 1, '5', 0, '', '2022-03-29 14:34:33'),
(472, '628977089291', 0, 'Menu', 0, '', '2022-03-29 14:41:02'),
(473, '628977089291', 1, '5', 0, '', '2022-03-29 14:41:06'),
(474, '628977089291', 1, '4', 0, '', '2022-03-29 14:41:16'),
(475, '628977089291', 0, 'Menu', 0, '', '2022-03-29 14:54:18'),
(476, '628977089291', 1, '5', 0, '', '2022-03-29 14:54:22'),
(477, '628977089291', 0, 'Menu', 0, '', '2022-03-29 15:04:19'),
(478, '628977089291', 1, '5', 0, '', '2022-03-29 15:04:23'),
(479, '628977089291', 6, 'Tes, 848595,pemcam kesugihan', 0, '', '2022-03-29 15:04:38'),
(480, '628977089291', 22, '', 0, '', '2022-03-29 15:04:46'),
(481, '628977089291', 22, 'Selesai', 0, '', '2022-03-29 15:04:50'),
(482, '628977089291', 0, 'Menu', 0, '', '2022-03-29 15:05:05'),
(483, '628977089291', 1, '1', 0, '', '2022-03-29 15:05:08'),
(484, '628977089291', 2, 'Jfjfjff', 0, '', '2022-03-29 15:05:12'),
(485, '628977089291', 0, 'Menu', 0, '', '2022-03-29 15:06:19'),
(486, '628977089291', 1, '1', 0, '', '2022-03-29 15:06:22'),
(487, '628977089291', 2, 'Hfjjff', 0, '', '2022-03-29 15:06:25'),
(488, '628977089291', 21, '', 0, '', '2022-03-29 15:06:31'),
(489, '628977089291', 21, 'Selesai', 0, '', '2022-03-29 15:06:37'),
(490, '628977089291', 0, 'Menu', 0, '', '2022-03-29 15:06:47'),
(491, '628977089291', 1, '3', 0, '', '2022-03-29 15:06:56'),
(492, '628977089291', 4, 'Bcbfnf', 0, '', '2022-03-29 15:06:59'),
(493, '628977089291', 7, 'Hdhdhd', 0, '', '2022-03-29 15:07:03'),
(494, '628977089291', 8, 'Hdhff', 0, '', '2022-03-29 15:07:06'),
(495, '628977089291', 9, 'Jdjfjr', 0, '', '2022-03-29 15:07:09'),
(496, '628977089291', 10, 'Hfjjff', 0, '', '2022-03-29 15:07:12'),
(497, '628977089291', 11, 'Jfjjfj', 0, '', '2022-03-29 15:07:15'),
(498, '628977089291', 12, 'Hhfjjfjuhfnf', 0, '', '2022-03-29 15:07:19'),
(499, '628977089291', 14, '', 0, '', '2022-03-29 15:07:31'),
(500, '628977089291', 14, 'Lanjut', 0, '', '2022-03-29 15:07:36'),
(501, 'status@broadcast', 1, '????', 0, '', '2022-03-29 15:07:38'),
(502, '628977089291', 1, 'Selesai', 0, '', '2022-03-29 15:07:42'),
(503, '628977089291', 0, 'Tes', 0, '', '2022-03-30 08:47:02'),
(504, 'status@broadcast', 1, 'Terimakasih Kesbangpol Kebumen jadi bisa mengedukasi pelajar di Kebumen ????', 0, '', '2022-03-30 12:40:34'),
(505, 'status@broadcast', 0, 'belajar terus pokoknya', 0, '', '2022-04-06 10:42:44'),
(506, '628977089291', 0, 'Test', 0, '', '2022-04-07 08:47:01'),
(507, '628977089291', 1, '5', 0, '', '2022-04-07 08:47:09'),
(508, 'status@broadcast', 1, '', 0, '', '2022-04-07 12:17:51'),
(509, 'status@broadcast', 1, '', 0, '', '2022-04-07 12:18:00'),
(510, '628977089291', 0, 'Yth. Kepala BNN RI\nDari : Kepala BNNP Jawa Tengah\nTembusan : \n1. Sestama BNN RI\n2. Para Deputi BNN RI\n3. Kapuslitdatin BNN RI\n4. Ka. Biro Humas & Protokol BNN RI\n========================\nMohon Izin melaporkan Kegiatan Unggah Konten Melalui Media Sosial BNNK Cilacap\n========================\nHari/Tgl : Jumat, 8 April 2022\nTempat :  Media Sosial BNNK Cilacap\nPelaksana Kegiatan : BNN Kabupaten Cilacap\n========================\nJumat (8/4), BNN Kabupaten Cilacap melakukan kegiatan unggah konten melalui media sosial mengenai *MMB to MPP* yang bertujuan memberikan informasi kepada masyarakat tentang kegiatan Kepala beserta staf BNNK Cilacap pada saat mengunjungi Mal Pelayanan Publik Kabupaten Banyumas dalam rangka studi banding peningkatan pelayanan publik BNNK Cilacap dan langkah awal adanya Mal Pelayanan Publik Kabupaten Cilacap. \nAdapun link media sosial yang dapat diakses adalah sebagai berikut:\nInstagram : \nhttps://www.instagram.com/reel/CcCc-P4p8cK/?utm_medium=copy_link\n\nKegiatan berjalan dengan lancar. Terima Kasih\n\n#warondrugs\n#perangmelawannarkoba\n#infobnn_ri\n#infobnn_prov_jawatengah\n#jatenggayenglawannarkobabarengbareng\n#bnnkcilacap\n#mlebudesangajakwargabersihnarkoba\n#semangatbergerakbersamabnnkcilacapmenujucilacapbersinar\n#orangapakorakepenak\n#indonesiabersinar\n#cilacapbersinar', 0, '', '2022-04-08 11:18:23'),
(511, 'status@broadcast', 1, '', 0, '', '2022-04-08 11:53:08'),
(512, 'status@broadcast', 1, 'Berkah ramadhan jere????', 0, '', '2022-04-08 14:00:18'),
(513, 'status@broadcast', 1, 'Asile????', 0, '', '2022-04-08 14:12:29'),
(514, 'status@broadcast', 1, '', 0, '', '2022-04-13 09:33:03'),
(515, 'status@broadcast', 1, 'dan sudah disini ????', 0, '', '2022-04-13 09:33:05'),
(516, '628977089291', 1, 'Selamat pagi', 0, '', '2022-04-13 09:33:08'),
(517, '628977089291', 1, 'Selamat pagi', 0, '', '2022-04-13 09:35:19'),
(518, '628977089291', 0, 'Menu', 0, '', '2022-04-13 09:44:15'),
(519, '628977089291', 1, '', 0, '', '2022-04-13 12:25:41'),
(520, '628977089291', 1, 'IMG_20220413_123054.jpg', 0, '', '2022-04-13 12:27:50'),
(521, '628977089291', 1, 'IMG_20220413_063011.jpg', 0, '', '2022-04-13 12:40:18'),
(522, '628977089291', 1, 'IMG_20220413_063455.jpg', 0, '', '2022-04-13 12:40:25'),
(523, '628977089291', 0, 'Slamat pagi', 0, '', '2022-04-18 09:39:18'),
(524, 'status@broadcast', 1, '????????', 0, '', '2022-04-18 11:47:00'),
(525, '628977089291', 0, 'Selamat pagi', 0, '', '2022-04-19 08:25:31'),
(526, '628977089291', 0, '#', 0, '', '2022-04-19 09:40:46'),
(527, '628158139945', 1, 'Selamat pagi.', 0, '', '2022-04-19 09:44:56'),
(528, '628158139945', 1, '4', 0, '', '2022-04-19 09:46:06'),
(529, '628158139945', 0, 'Menu', 0, '', '2022-04-19 09:46:45'),
(530, '628158139945', 1, '1', 0, '', '2022-04-19 09:46:59'),
(531, '628158139945', 2, 'Marwan\nIrtama\n08158139945', 0, '', '2022-04-19 09:47:58'),
(532, '628158139945', 21, '', 0, '', '2022-04-19 09:48:22'),
(533, '628158139945', 21, 'SELESAI', 0, '', '2022-04-19 09:48:45'),
(534, '628158139945', 0, 'Menu', 0, '', '2022-04-19 09:52:23'),
(535, '628158139945', 1, '4', 0, '', '2022-04-19 09:52:57'),
(536, '628977089291', 5, 'Halo', 0, '', '2022-04-19 11:42:06'),
(537, '628977089291', 0, 'Menu', 0, '', '2022-04-19 11:42:18'),
(538, '628977089291', 1, '3', 0, '', '2022-04-19 11:42:51'),
(539, 'status@broadcast', 4, 'Hore pulang gasik... mati listrik????????', 0, '', '2022-04-19 12:46:07'),
(540, '628977089291', 0, 'Malam', 0, '', '2022-04-19 21:45:47'),
(541, '628977089291', 1, '4', 0, '', '2022-04-19 21:45:53'),
(542, '628977089291', 0, 'Menu', 0, '', '2022-04-19 21:47:15'),
(543, '628977089291', 1, '4', 0, '', '2022-04-19 21:47:19'),
(544, '628977089291', 5, 'Hrjjjjfjfrr', 0, '', '2022-04-19 21:47:22'),
(545, '628977089291', 5, 'Selesai', 0, '', '2022-04-19 21:47:27'),
(546, 'status@broadcast', 1, '', 0, '', '2022-04-20 16:10:07'),
(547, '628977089291', 0, 'Selamat pagi', 0, '', '2022-04-21 08:06:02'),
(548, 'status@broadcast', 1, '', 0, '', '2022-04-21 08:53:23'),
(549, 'status@broadcast', 1, '', 0, '', '2022-04-21 09:26:13'),
(550, 'status@broadcast', 1, '', 0, '', '2022-04-21 09:40:27'),
(551, 'status@broadcast', 1, 'Yang resmi dulu???????????? @Rehabsossquad', 0, '', '2022-04-21 09:46:11'),
(552, 'status@broadcast', 1, 'Yang resmi dulu???????????? @Rehabsossquad', 0, '', '2022-04-21 11:21:05'),
(553, '628977089291', 1, 'Selamat pagi', 0, '', '2022-04-21 11:21:38'),
(554, 'status@broadcast', 1, 'mama kartininya aku ???? #YaAllohKangenMama', 0, '', '2022-04-21 13:11:20'),
(555, 'status@broadcast', 0, 'Ceroboh..????????‍♀️', 0, '', '2022-04-22 11:58:48'),
(556, 'status@broadcast', 1, 'pengen main yang jaohhhh', 0, '', '2022-04-22 12:33:55'),
(557, '628977089291', 0, 'Selamat pagi', 0, '', '2022-04-25 07:53:47'),
(558, '628977089291', 0, 'Selamat pagi', 0, '', '2022-04-25 07:56:23'),
(559, '628977089291', 0, 'Selamat pagi', 0, '', '2022-04-25 08:01:06'),
(560, '628977089291', 0, 'Selamat pagi', 0, '', '2022-04-25 08:06:59'),
(561, '628977089291', 0, 'Pagi', 0, '', '2022-04-25 08:09:38'),
(562, 'status@broadcast', 1, 'Test', 0, '', '2022-04-25 08:33:37'),
(563, 'status@broadcast', 1, 'Jalan\"e kalih mbah\"????', 0, '', '2022-04-25 10:59:54'),
(564, '628977089291', 0, 'Selamat pagi', 0, '', '2022-04-26 08:36:56'),
(565, 'status@broadcast', 1, '', 0, '', '2022-04-26 12:22:41'),
(566, '628977089291', 0, 'Selamat pg', 0, '', '2022-04-27 08:33:15'),
(567, '628977089291', 0, 'Selamat pagi', 0, '', '2022-04-28 06:53:34'),
(568, '628977089291', 0, 'Pagi', 0, '', '2022-05-11 07:44:46'),
(569, 'status@broadcast', 1, 'Nggegrekmu ... renyah bgt mba ...???? guemeees', 0, '', '2022-05-11 11:12:50'),
(570, 'status@broadcast', 1, '', 0, '', '2022-05-11 11:55:50'),
(571, 'status@broadcast', 1, 'Joss kampanye hidup sehatnya ????????????????', 0, '', '2022-05-11 16:38:16'),
(572, 'status@broadcast', 1, '', 0, '', '2022-05-11 17:05:14'),
(573, 'status@broadcast', 1, 'Capek ya mba..', 0, '', '2022-05-11 17:54:45'),
(574, 'status@broadcast', 1, '', 0, '', '2022-05-13 10:54:00'),
(575, 'status@broadcast', 1, '????', 0, '', '2022-05-13 12:06:51'),
(576, 'status@broadcast', 1, '', 0, '', '2022-05-13 12:35:00'),
(577, 'status@broadcast', 1, '', 0, '', '2022-05-13 14:32:29'),
(578, 'status@broadcast', 1, '????', 0, '', '2022-05-13 15:10:04'),
(579, 'status@broadcast', 1, '', 0, '', '2022-05-31 10:50:24'),
(580, 'status@broadcast', 1, '', 0, '', '2022-05-31 10:50:25'),
(581, 'status@broadcast', 1, '', 0, '', '2022-05-31 10:50:35'),
(582, 'status@broadcast', 1, '', 0, '', '2022-05-31 10:50:46'),
(583, 'status@broadcast', 1, 'Sekedar cerita, kalau *tiap hari minum susu sapi murni*, terus suatu ketika minum susu kotak yg kata pabriknya asli 100% susu segar/sapi, terasa ada yang berbeda. Memang benar, rasa tidak pernah bohong', 0, '', '2022-05-31 11:06:12'),
(584, '628977089291', 0, 'Siang', 0, '', '2022-06-02 12:08:47'),
(585, 'status@broadcast', 1, '', 0, '', '2022-06-02 15:55:11'),
(586, 'status@broadcast', 0, 'Lg eror', 0, '', '2022-06-06 08:03:16'),
(587, 'status@broadcast', 1, '', 0, '', '2022-06-06 12:57:10'),
(588, 'status@broadcast', 1, 'Maternuwun ust raehanul bahraen', 0, '', '2022-06-06 14:55:25'),
(589, 'status@broadcast', 1, '', 0, '', '2022-06-07 11:51:04'),
(590, 'status@broadcast', 1, 'Kenapa dinamakan bubur kesel nggih?', 0, '', '2022-06-14 14:35:30'),
(591, 'status@broadcast', 1, '????', 0, '', '2022-06-27 15:32:23'),
(592, 'status@broadcast', 0, 'Tes', 0, '', '2022-06-28 08:44:46'),
(593, 'status@broadcast', 1, 'Assalamualaikum wr. wb. Dalam rangka evaluasi atas pelayanan publik yang diselenggarakan oleh BNN Kabupaten Cilacap di periode Triwulan II Tahun 2022, kami melakukan survei layanan kepada masyarakat. Kami mengucapkan terima kasih apabila Anda bersedia untuk membantu kami mengisi survei layanan ini. Survei layanan dapat diakses melalui \n\n: https://bit.ly/SurveyLayananBNNKCLP', 0, '', '2022-06-28 09:21:46'),
(594, 'status@broadcast', 1, '', 0, '', '2022-06-28 12:28:39'),
(595, 'status@broadcast', 1, 'Kampus Bersinar', 0, '', '2022-06-28 12:29:47'),
(596, 'status@broadcast', 1, '', 0, '', '2022-06-28 12:30:04'),
(597, '628977089291', 0, 'Selamat siang', 0, '', '2022-06-28 14:31:09'),
(598, 'status@broadcast', 1, 'Alhamdulillah????', 0, '', '2022-06-28 14:31:32'),
(599, 'status@broadcast', 1, 'Kebetulan Tambahan ilmu sedikit bagi ortu yg lgi masa pengasuhan 1000 HPK????', 0, '', '2022-06-29 09:32:29'),
(600, 'status@broadcast', 1, 'Hasil cek mata..???? alhamdulillah  esih sehat... wkwkw', 0, '', '2022-07-04 11:00:12'),
(601, 'status@broadcast', 1, 'Ditungguin tante bidan.. malah gk bobo2..????', 0, '', '2022-07-04 11:27:20'),
(602, 'status@broadcast', 1, '', 0, '', '2022-07-04 11:43:57'),
(603, 'status@broadcast', 1, '', 0, '', '2022-07-04 12:56:40'),
(604, 'status@broadcast', 1, 'Masya Alloh, Luar biasa kata-katanya Bpk M. Bakhtiar Arifin (pelatih sepatu roda legend)', 0, '', '2022-07-04 13:52:19'),
(605, 'status@broadcast', 1, 'Perfecto Bpk ????????????????', 0, '', '2022-07-04 13:54:41'),
(606, 'status@broadcast', 1, '', 0, '', '2022-07-04 13:56:32'),
(607, 'status@broadcast', 1, '', 0, '', '2022-07-04 15:26:39'),
(608, 'status@broadcast', 1, 'Pupus dulu tawarannya....', 0, '', '2022-07-04 15:27:28'),
(609, 'status@broadcast', 1, 'Semuanya demi  ????????', 0, '', '2022-07-04 15:40:47'),
(610, 'status@broadcast', 1, '', 0, '', '2022-07-05 12:24:37'),
(611, 'status@broadcast', 1, '', 0, '', '2022-07-05 13:57:01'),
(612, '628977089291', 1, 'Tes', 0, '', '2022-07-05 14:26:20'),
(613, '6281326112628', 1, 'Test', 0, '', '2022-07-05 14:27:19'),
(614, 'status@broadcast', 1, '', 0, '', '2022-07-05 16:01:19'),
(615, 'status@broadcast', 1, '', 0, '', '2022-07-05 16:10:05'),
(616, 'status@broadcast', 1, 'Merk legendaris ????', 0, '', '2022-07-07 12:42:29'),
(617, 'status@broadcast', 1, 'Wkwkwk', 0, '', '2022-07-07 12:45:34'),
(618, '628977089291', 1, 'Siang', 0, '', '2022-07-07 15:19:36'),
(619, '628977089291', 1, '1', 0, '', '2022-07-07 15:19:48'),
(620, '6285700416954', 0, 'Assalamualaikum wr.wb.', 0, '', '2022-07-08 12:04:26'),
(621, '6285700416954', 1, 'Saya Ibu Yuni dari SMP N 1 Adipala', 0, '', '2022-07-08 12:04:26'),
(622, '6285700416954', 1, 'Mohon maaf sekolah kami berencana akan mengadakan sosialisasi P4GN pada Hari Sabtu, 16 juli 2022', 0, '', '2022-07-08 12:04:26'),
(623, '6285700416954', 1, 'saya bermaksud ingin menanyakan apakah dari pihak BNN bisa menjadi nara sumber pada hari tersebut?', 0, '', '2022-07-08 12:04:27'),
(624, '628977089291', 1, 'Test', 0, '', '2022-07-08 12:04:46'),
(625, '6285700416954', 1, '1', 0, '', '2022-07-08 12:05:04'),
(626, '6285700416954', 2, 'Sri Rahayu Yuni Astuti, SMP Negeri 1 Adipala, 086700416954', 0, '', '2022-07-08 12:06:11'),
(627, 'status@broadcast', 1, '????', 0, '', '2022-07-08 13:49:36'),
(628, '628562622235', 1, '', 0, '', '2022-07-08 14:29:28'),
(629, '628562622235', 1, 'Assalamu\'alaikum wr wb\nMohon maaf..perkenalkan kami perwakilan  dari SMP Negri 2 Maos..mohon ijin untuk mengirimkan file permohonan materi dan jadwal kegiatan MPLS tahun pelajaran 2022/2023\nWassalamu\'alaikum wr wb????????????????', 0, '', '2022-07-08 14:29:28'),
(630, '628562622235', 1, 'jadwal mpls_4.pdf', 0, '', '2022-07-08 14:30:03'),
(631, '628562622235', 1, 'jadwal mpls_1.pdf', 0, '', '2022-07-08 14:30:18'),
(632, '628562622235', 1, 'Mohon maaf ada salah penulisan hari...\nUntuk tanggal 13 Juli seharusnya hari rabu????????????????', 0, '', '2022-07-08 15:08:21'),
(633, 'status@broadcast', 1, 'Persiapan Penyembelihan Qurban', 0, '', '2022-07-08 15:37:11'),
(634, '628977089291', 0, 'Pagi', 0, '', '2022-07-11 09:04:48'),
(635, 'status@broadcast', 1, '????', 0, '', '2022-07-11 09:38:59'),
(636, 'status@broadcast', 1, 'SMP N 1 Cilacap, sekolah aku ????', 0, '', '2022-07-11 12:50:07'),
(637, 'status@broadcast', 1, 'Pacaran sik demi Indonesia ????????yang lebih baik ????', 0, '', '2022-07-11 14:22:04'),
(638, 'status@broadcast', 1, 'Hati-hati Bpk/Ibu/Mas/Mbak, penipuan modus baru, kalau diklik, masuk ke website yg tampilannya persis seperti brimo, disuruh masukin username n password, modusnya utk daftar biar ga kena biaya transfer antarbank', 0, '', '2022-07-11 14:57:51');
INSERT INTO `chats-old2` (`id`, `from_wa_no`, `question_id`, `chat`, `has_media`, `attachment`, `created_at`) VALUES
(639, 'status@broadcast', 1, 'Apa yg terjadi setelah masukin username n password (misal siA)?kmgknn data username n password siA akan tersimpan di website mereka n akhirnya brimo siA bisa digunakan oleh mereka', 0, '', '2022-07-11 15:04:49'),
(640, 'status@broadcast', 1, '', 0, '', '2022-07-12 08:41:00'),
(641, '6285700416954', 1, 'Assalamualaikum', 0, '', '2022-07-12 09:48:04'),
(642, '6285700416954', 1, '1', 0, '', '2022-07-12 09:48:12'),
(643, '6285700416954', 2, 'Sei Rahayu Yuni Astuti, SMP Negeri 1 Adipala, 085700416954', 0, '', '2022-07-12 09:48:47'),
(644, '6285700416954', 21, '', 0, '', '2022-07-12 09:49:21'),
(645, '6285700416954', 21, 'SELESAI', 0, '', '2022-07-12 09:49:53'),
(646, '628977089291', 0, 'Update#10070001#2', 0, '', '2022-07-12 09:56:44'),
(647, '628977089291', 0, 'Status#10070001', 0, '', '2022-07-12 09:57:05'),
(648, 'status@broadcast', 1, 'SMPN 2 Maos', 0, '', '2022-07-12 13:08:49'),
(649, 'status@broadcast', 1, '????', 0, '', '2022-07-12 13:51:56'),
(650, '6285700416954', 0, '1', 0, '', '2022-07-13 12:17:18'),
(651, '6285700416954', 1, '1', 0, '', '2022-07-13 12:17:32'),
(652, '6285700416954', 2, 'Sri Rahayu Yuni Astuti, SMP Negeri 1 Adipala, 085700416954', 0, '', '2022-07-13 12:18:09'),
(653, '6285700416954', 21, 'CamScanner 07-13-2022 11.27.pdf', 0, '', '2022-07-13 12:23:32'),
(654, '6285700416954', 21, 'SELESAI', 0, '', '2022-07-13 12:23:40'),
(655, 'status@broadcast', 1, 'SMK Boedi Oetomo 2 Gdrgmangu', 0, '', '2022-07-13 12:44:09'),
(656, 'status@broadcast', 1, 'Smg jd generasi yg sukses SMK Boedi Oetomo 2 Gdrgmangu', 0, '', '2022-07-13 12:45:09'),
(657, 'status@broadcast', 1, 'https://www.instagram.com/reel/Cf6RyanBF_6/?igshid=MDJmNzVkMjY= \n\nKalian kuat para mom\'s????????', 0, '', '2022-07-13 14:03:33'),
(658, '628977089291', 0, 'Update#10070002#2', 0, '', '2022-07-14 10:25:01'),
(659, 'status@broadcast', 1, '', 0, '', '2022-07-14 10:59:00'),
(660, 'status@broadcast', 1, '????', 0, '', '2022-07-14 12:43:13'),
(661, 'status@broadcast', 1, '????', 0, '', '2022-07-14 13:03:58'),
(662, 'status@broadcast', 1, '', 0, '', '2022-07-14 13:08:47'),
(663, '6285888466566', 1, 'Permohonan Mengisi Penyuluhan Narkoba di PT. Patra Cahaya Kusuma.pdf', 0, '', '2022-07-15 14:05:15'),
(664, '6285888466566', 1, '1', 0, '', '2022-07-15 14:05:42'),
(665, '6285888466566', 2, 'Merryza, Patra Cahaya Kusuma, 085888466566', 0, '', '2022-07-15 14:07:09'),
(666, '6285888466566', 21, 'Permohonan Mengisi Penyuluhan Narkoba di PT. Patra Cahaya Kusuma.pdf', 0, '', '2022-07-15 14:07:31'),
(667, '6285888466566', 21, 'SELESAI', 0, '', '2022-07-15 14:07:41'),
(668, '628977089291', 21, 'UPDATE#10070003#2', 0, '', '2022-07-15 14:31:36'),
(669, 'status@broadcast', 1, '', 0, '', '2022-07-15 15:20:51'),
(670, 'status@broadcast', 1, '????', 0, '', '2022-07-18 11:03:19'),
(671, 'status@broadcast', 1, '', 0, '', '2022-07-18 11:22:31'),
(672, 'status@broadcast', 1, 'Pulang2 .. udh dpt amplop coklat lgi... ????????', 0, '', '2022-07-18 13:04:55'),
(673, 'status@broadcast', 1, 'Yuk sehat yukk ????????', 0, '', '2022-07-18 14:02:24'),
(674, 'status@broadcast', 1, 'Baru tahu ????', 0, '', '2022-07-20 09:36:57'),
(675, 'status@broadcast', 1, 'Kirain bapaknya ke mana ????', 0, '', '2022-07-20 09:39:24'),
(676, 'status@broadcast', 1, 'Disaat sidang  \npelaku & korbannya adalah anak, dan peksosnya hanya seorang diri ????‍????????\nHaruskah ku membelah diri', 0, '', '2022-07-20 10:42:17'),
(677, '6285888466566', 1, 'STATUS#10070003', 0, '', '2022-07-20 14:44:54'),
(678, '628977089291', 1, 'Tes', 0, '', '2022-07-20 14:45:45'),
(679, 'status@broadcast', 1, '????', 0, '', '2022-07-21 15:50:14'),
(680, 'status@broadcast', 1, 'kita temenan sejak 2014, iyalah prajab bareng ????', 0, '', '2022-07-27 11:34:30'),
(681, '628977089291', 0, 'Pagi', 0, '', '2022-08-04 08:41:00'),
(682, 'status@broadcast', 1, '*GURU* niku sae, tapi menawi *meng-GURU-i* sanjange mboten sae', 0, '', '2022-08-04 15:57:22'),
(683, 'status@broadcast', 1, '', 0, '', '2022-08-08 09:45:04'),
(684, 'status@broadcast', 1, 'Grimis-grimis  ngumpul di lapangan????', 0, '', '2022-08-08 10:18:27'),
(685, 'status@broadcast', 1, 'https://www.youtube.com/watch?v=Jdj13fGMmmA', 0, '', '2022-08-08 14:10:10'),
(686, 'status@broadcast', 1, 'KAPA', 0, '', '2022-08-08 17:05:20'),
(687, 'status@broadcast', 1, 'Bnyk hal tjd hari ini #???? asyuraaaa', 0, '', '2022-08-08 17:06:40'),
(688, 'status@broadcast', 1, 'KAPA KAMA SMK N KARANGPUCUNG', 0, '', '2022-08-08 17:09:28'),
(689, 'status@broadcast', 1, 'Alhamdulillah, *Segala Puji utk Alloh*, Mohon doanya Bpk/Ibu/Mas/Mbak agar bisa juara 1 ????????????????, aamiin aamiin aamiin ????????????????????', 0, '', '2022-08-09 10:15:58'),
(690, 'status@broadcast', 1, 'Alhamdulillah, proses naturalisasi selesai, siap ikut lomba 17an ????', 0, '', '2022-08-09 10:53:52'),
(691, 'status@broadcast', 1, 'Alhamdulillah, proses naturalisasi selesai, siap ikut tarkam ????', 0, '', '2022-08-09 10:55:03'),
(692, 'status@broadcast', 1, 'Alhamdulillah, akhirnya bisa membela timnas RT 4 ????. Efek positif pelayanan terpadu di kec ngaliyan bisa buat KK n ktp di hari Sabtu dgn proses das des sat set', 0, '', '2022-08-15 09:20:20'),
(693, 'status@broadcast', 1, 'Selamat kepada 4 besar ????????????????, semoga makin sukses, aamiin', 0, '', '2022-08-22 10:55:58'),
(694, 'status@broadcast', 1, '', 0, '', '2022-09-08 10:57:37'),
(695, 'status@broadcast', 1, 'Jogo anake wong sik.. ????', 0, '', '2022-09-08 11:52:37'),
(696, '628977089291', 1, 'Tes', 0, '', '2022-09-08 12:34:24'),
(697, '6281225542465', 1, '', 0, '', '2022-09-08 12:34:36'),
(698, '6281225542465', 1, 'Halo', 0, '', '2022-09-08 12:35:17'),
(699, '6281225542465', 1, '1', 0, '', '2022-09-08 12:35:27'),
(700, '6281225542465', 2, 'Kukuh Jamaludin, S. Kom, PT Cilacap Bercahaya, 08977089291', 0, '', '2022-09-08 12:35:52'),
(701, '6281225542465', 21, '1272.01 BNN Kabupaten Cilacap - Penawaran Kalibrasi 31-8-2022.pdf', 0, '', '2022-09-08 12:36:08'),
(702, '6281225542465', 21, 'Selesai', 0, '', '2022-09-08 12:36:13'),
(703, '628977089291', 0, 'UPDATE#10090001#2', 0, '', '2022-09-08 12:38:59'),
(704, '628977089291', 0, 'Halo', 0, '', '2022-09-08 12:56:54'),
(705, '6281225542465', 1, 'Halo', 0, '', '2022-09-08 13:19:56'),
(706, '6281225542465', 1, '4', 0, '', '2022-09-08 13:20:08'),
(707, '6281225542465', 5, 'Jfjjrjjfb jfjjrjjfb jfjjrjjfb jjrjjrjrr. Jjrjrjjrjjrjjhrhjrnnfjfjjrnfjrr rjrjjnrnr jjrjrjrnrnrjfnnrnfnnnfjfn fjr jdnnr fjrjrjr rhrjur jrjrurutht jrjjjrhrrnrnrjrjjjrhrjj jrjrjjjeje', 0, '', '2022-09-08 13:45:23'),
(708, '6281225542465', 5, 'Selesai', 0, '', '2022-09-08 13:45:28'),
(709, '628977089291', 5, 'Tes', 0, '', '2022-09-08 14:27:28'),
(710, '628977089291', 1, '2', 0, '', '2022-09-08 14:27:42'),
(711, '6281225542465', 3, 'Halo', 0, '', '2022-09-08 15:09:26');

-- --------------------------------------------------------

--
-- Table structure for table `main_menu`
--

CREATE TABLE `main_menu` (
  `id` int(11) NOT NULL,
  `caption` text NOT NULL,
  `section_id` int(11) NOT NULL
) ENGINE=InnoDB DEFAULT CHARSET=utf8;

--
-- Dumping data for table `main_menu`
--

INSERT INTO `main_menu` (`id`, `caption`, `section_id`) VALUES
(1, 'Permohonan Penyuluhan / Sosialisasi Narkotika', 1),
(2, 'Informasi Layanan Klinik Pratama Rawat Jalan SEHATI dan SKHPN Online', 2),
(3, 'Pengaduan Indikasi Tindak Pidana Narkotika', 3),
(4, 'Pengaduan Pelayanan Konsumen', 4),
(5, 'Permintaan Tes Urin', 1);

-- --------------------------------------------------------

--
-- Table structure for table `questions`
--

CREATE TABLE `questions` (
  `id` int(2) NOT NULL,
  `question` text NOT NULL,
  `label` varchar(50) NOT NULL,
  `prev_question_id` int(3) NOT NULL,
  `next_quest_id` int(3) NOT NULL,
  `section_id` int(1) NOT NULL,
  `require_media` tinyint(1) NOT NULL,
  `defined_reply` varchar(50) NOT NULL
) ENGINE=InnoDB DEFAULT CHARSET=utf8;

--
-- Dumping data for table `questions`
--

INSERT INTO `questions` (`id`, `question`, `label`, `prev_question_id`, `next_quest_id`, `section_id`, `require_media`, `defined_reply`) VALUES
(1, 'Selamat Datang di *SiBocil* (Sistem Bot Whatsapp Pusat Pengaduan BNN Kabupaten Cilacap).\n*Ini adalah pesan otomatis.* \nSilakan adukan permohonan / pelaporan Anda. \nPesan dilayani Hari Senin - Jumat Pukul 08.00 - 16.00\n\nSilakan kirim angka pada menu yang tertera.\n_Contoh = 1_\n\nMenu = \n', '', 0, 0, 0, 0, ''),
(2, 'Anda memilih *Permohonan Penyuluhan Narkoba*\nUntuk mengajukan Penyuluhan Narkoba, Anda harus menyertakan scan surat resmi permohonannya yang bertanda tangan pejabat yang berwenang.\nSilakan isi nama Anda, instansi Anda dan nomor kontak Anda\n_Contoh = Yusril Wijaya, SMA Negeri Majenang, 081234567890_', '*PERMOHONAN PENYULUHAN NARKOBA\nNama Pemohon*', 1, 21, 1, 0, ''),
(3, '*Informasi Layanan Klinik Pratama Rawat Jalan SEHATI BNNK Cilacap*\nSaat ini Anda dapat memanfaatkan layanan yang disediakan oleh Klinik Pratama Rawat Jalan BNNK Cilacap, berupa :\n1. Rehabilitasi Medis dan Sosial Penyalah guna Narkoba\n2. Pembuatan SKHPN (Surat Keterangan Hasil Pemeriksaan Narkotika). Anda dapat mengajukan pendaftaran SKHPN secara online di website https://cilacapkab.bnn.go.id/layanan-publik/permohonan-skhpn/\n\nKlinik Pratama Rawat Jalan SEHATI BNNK Cilacap beralamat di Kantor BNNK Cilacap, Jl. Bromo Timur No 4, Sidakaya, Cilacap Selatan, Cilacap.\n\nJam Pelayanan Klinik Pratama Rawat Jalan SEHATI BNNK Cilacap :\nSenin - Jumat pukul 08.00 - 15.00\n\nSilakan ketik *MENU* untuk kembali ke menu utama', '*INFORMASI LAYANAN KLINIK SEHATI*', 1, 0, 2, 0, ''),
(4, 'Anda memilih *Pengaduan Indikasi Tindak Pidana Narkotika*\r\nUntuk mengadukan indikasi tindak pidana narkotika, Anda perlu memberikan informasi yang dapat dipertanggungjawabkan.\r\n\r\nSilakan isi nama Anda dan nomor kontak Anda :\r\n\r\n_Contoh: Iwan Suyono, 0812345678990_', '*PENGADUAN TINDAK PIDANA NARKOTIKA\nNama Pelapor*', 1, 7, 3, 0, ''),
(5, 'Silakan isi Nama dan Nomor Handphone Anda : \n\n_Contoh : Arman, 081234464647_', '*Nama dan Nomor HP*', 1, 23, 4, 0, ''),
(6, 'Anda memilih *Permohonan Tes Urin*\r\nUntuk mengajukan Pelaksanaan Tes Urin, Anda harus menyertakan scan surat resmi permohonannya yang bertanda tangan pejabat yang berwenang.\r\nSilakan isi nama Anda, instansi Anda dan nomor kontak Anda\r\n_Contoh = Yusril Wijaya, SMA Negeri Majenang, 081234567890_', '*PERMOHONAN TES URIN\nNama Pemohon*', 1, 22, 1, 0, ''),
(7, 'Silakan isi Alamat Anda : \n\n_Contoh : Jl. Slamet No. 123A, Sidanegara, Cilacap Tengah_', '*Alamat Pelapor*', 4, 8, 3, 0, ''),
(8, 'Silakan Isi Nama , No HP dan Umur Pelaku / Terlapor : \n_Contoh : Jono, 0814565790,56 tahun_', '*Nama, No HP dan Umur Terlapor / Pelaku*', 6, 9, 3, 0, ''),
(9, 'Silakan Isi Alamat Pelaku / Terlapor : ', '*Alamat Terlapor / Pelaku*', 7, 10, 3, 0, ''),
(10, 'Silakan Isi Indikasi Kasus : \r\n\r\n_Contoh : Penyalahgunaan / Penjualan / Kepemilikan_', '*Indikasi Kasus*', 8, 11, 3, 0, ''),
(11, 'Silakan isi Jenis Narkotika : \n\n_Contoh : Ganja / Sabu / Ekstasi / Heroin / Tembakau Sintetis / atau sebutkan yang lainnya_', '*Jenis Narkotika*', 9, 12, 3, 0, ''),
(12, 'Silakan isi keterangan tambahan lainnya untuk menguatkan laporan Anda: \n\n_Contoh : Pelaku bekerja sebagai karyawan di ......., dan biasanya pelaku bertransaksi di ... pada jam ....._', '*Keterangan Tambahan Pendukung*', 10, 13, 3, 0, ''),
(13, 'Silakan isi Foto Pelaku / Terlapor\n_Cukup 1 (satu) foto_', '*Foto Terlapor / Pelaku*', 11, 14, 3, 1, ''),
(14, 'Dengan ini maka informasi yang Anda masukkan adalah informasi yang dapat Anda pertanggungjawabkan. \nPemberian Informasi yang salah dapat melanggar Pasal 40 ayat 2 UU No 19 Tahun 2016 Tentang Perubahan atas UU No 11 tahun 2008 tentang Informasi dan Transaksi Elektronik.\n\nSilakan kirim *LANJUT*', '*Dapat Dipertanggungjawabkan*', 12, 0, 3, 0, 'lanjut'),
(15, 'Silakan isi nama dan Nomor Handphone Anda. _Contoh : Arman, 0812345468_', '*Nama dan Nomor HP*', 5, 23, 4, 0, ''),
(16, 'Mohon isikan *SARAN* Anda tentang pelayanan kami', '*Saran Pelayanan*', 15, 0, 4, 0, ''),
(20, 'Mohon maaf saat ini *SiBoCil* sedang dalam perbaikan. \nAnda tetap dapat memanfaatkan Media Sosial BNNK Cilacap untuk berinteraksi dengan kami.\nInstagram : @infobnn_kab_cilacap\nFacebook  : Humas BNNK Cilacap\nTwitter   : @infobnnkcilacap', '*Maintenance*', 0, 0, 0, 0, ''),
(21, 'Silakan unggah scan surat permohonan penyuluhan Anda (PDF atau Gambar)', '*Scan Surat*', 2, 0, 1, 1, ''),
(22, 'Silakan unggah scan surat permohonan tes urin Anda (PDF atau Gambar)', '*Perm. Tes Urin Scan Surat*', 2, 0, 1, 1, ''),
(23, 'Silakan adukan keluhan Anda tentang pelayanan yang kami berikan ...', '*Pengaduan Pelayanan*', 5, 0, 4, 0, '');

-- --------------------------------------------------------

--
-- Table structure for table `report_status`
--

CREATE TABLE `report_status` (
  `id` int(2) NOT NULL,
  `status` varchar(50) NOT NULL
) ENGINE=InnoDB DEFAULT CHARSET=utf8;

--
-- Dumping data for table `report_status`
--

INSERT INTO `report_status` (`id`, `status`) VALUES
(1, 'Dilaporkan'),
(2, 'Diproses'),
(3, 'Sedang Ditindaklanjuti'),
(4, 'Laporan Ditolak'),
(5, 'Selesai Ditindaklanjuti');

-- --------------------------------------------------------

--
-- Table structure for table `requests`
--

CREATE TABLE `requests` (
  `id` varchar(12) NOT NULL,
  `from_wa_no` varchar(20) NOT NULL,
  `main_menu_id` int(2) NOT NULL,
  `chat` longtext NOT NULL,
  `status_id` int(2) NOT NULL,
  `created_at` datetime NOT NULL
) ENGINE=InnoDB DEFAULT CHARSET=utf8;

--
-- Dumping data for table `requests`
--

INSERT INTO `requests` (`id`, `from_wa_no`, `main_menu_id`, `chat`, `status_id`, `created_at`) VALUES
('00030004', '628977089291', 0, ' : 3\n*PENGADUAN TINDAK PIDANA NARKOTIKA\nNama Pelapor* : Bcbfnf\n*Alamat Pelapor* : Hdhdhd\n*Nama, No HP dan Umur Terlapor / Pelaku* : Hdhff\n*Alamat Terlapor / Pelaku* : Jdjfjr\n*Indikasi Kasus* : Hfjjff\n*Jenis Narkotika* : Jfjjfj\n*Keterangan Tambahan Pendukung* : Hhfjjfjuhfnf\n*Dapat Dipertanggungjawabkan* : \n*Dapat Dipertanggungjawabkan* : Lanjut\n : Selesai\n', 1, '2022-03-29 15:07:42'),
('10030002', '628977089291', 0, ' : 5\n*PERMOHONAN TES URIN\nNama Pemohon* : Tes, 848595,pemcam kesugihan\n*Perm. Tes Urin Scan Surat* : \n*Perm. Tes Urin Scan Surat* : Selesai\n', 1, '2022-03-29 15:04:50'),
('10030003', '628977089291', 0, ' : 1\n*PERMOHONAN PENYULUHAN NARKOBA\nNama Pemohon* : Hfjjff\n*Scan Surat* : \n*Scan Surat* : Selesai\n', 1, '2022-03-29 15:06:37'),
('10040001', '628158139945', 0, ' : 1\n*PERMOHONAN PENYULUHAN NARKOBA\nNama Pemohon* : Marwan\nIrtama\n08158139945\n*Scan Surat* : \n*Scan Surat* : SELESAI\n', 1, '2022-04-19 09:48:45'),
('10070001', '6285700416954', 0, ' : 1\n*PERMOHONAN PENYULUHAN NARKOBA\nNama Pemohon* : Sei Rahayu Yuni Astuti, SMP Negeri 1 Adipala, 085700416954\n*Scan Surat* : \n*Scan Surat* : SELESAI\n', 2, '2022-07-12 09:56:44'),
('10070002', '6285700416954', 0, ' : 1\n*PERMOHONAN PENYULUHAN NARKOBA\nNama Pemohon* : Sri Rahayu Yuni Astuti, SMP Negeri 1 Adipala, 085700416954\n*Scan Surat* : CamScanner 07-13-2022 11.27.pdf\n*Scan Surat* : SELESAI\n', 2, '2022-07-14 10:25:01'),
('10070003', '6285888466566', 0, ' : 1\n*PERMOHONAN PENYULUHAN NARKOBA\nNama Pemohon* : Merryza, Patra Cahaya Kusuma, 085888466566\n*Scan Surat* : Permohonan Mengisi Penyuluhan Narkoba di PT. Patra Cahaya Kusuma.pdf\n*Scan Surat* : SELESAI\n', 2, '2022-07-15 14:31:36'),
('10090001', '6281225542465', 0, ' : 1\n*PERMOHONAN PENYULUHAN NARKOBA\nNama Pemohon* : Kukuh Jamaludin, S. Kom, PT Cilacap Bercahaya, 08977089291\n*Scan Surat* : 1272.01 BNN Kabupaten Cilacap - Penawaran Kalibrasi 31-8-2022.pdf\n*Scan Surat* : Selesai\n', 2, '2022-09-08 12:38:59'),
('10090009', '6281380546210', 2, '*PERMOHONAN PENYULUHAN NARKOBA\nNama Pemohon* : Sebaiknya gmn cara ngebilangin biar dia sembuh\n*Scan Surat* : 2\n*Scan Surat* : SELESAI\n', 1, '2022-09-23 14:05:19'),
('10090010', '6281225542465', 0, ' : 1\n*PERMOHONAN PENYULUHAN NARKOBA\nNama Pemohon* : Dian Febri, 0895773774, SMK YPE 1 Cilacap\n*Scan Surat* : 820220704796024.pdf\n*Scan Surat* : Selesai\n', 1, '2022-09-23 14:10:24'),
('10090011', '6281337377471', 0, ' : 1\n*Scan Surat* : oke\n*Scan Surat* : selesai\n', 1, '2022-09-23 14:11:45'),
('10090013', '628977089291', 0, ' : 5\n*PERMOHONAN TES URIN\nNama Pemohon* : Ahmad Tohari, 08134588585,  PT Alfajaya Sukses\n*Perm. Tes Urin Scan Surat* : BADAN NARKOTIKA NASIONAL.pdf\n*Perm. Tes Urin Scan Surat* : Selesai\n', 1, '2022-09-23 14:42:37'),
('10100001', '628977089291', 0, ' : 1\nPERMOHONAN PENYULUHAN NARKOBA\nNama Pemohon  : Sapardi, S. Kom, Dinas KBPPPA, 08123457757\nScan Surat : 148463_1632277164.pdf\nScan Surat : Selesai\n', 1, '2021-10-01 12:45:27'),
('10100003', '628977089291', 0, ' : 1\nPERMOHONAN PENYULUHAN NARKOBA\nNama Pemohon  : Hfhjjd\nScan Surat : \nScan Surat : Selesai\n', 1, '2021-10-03 09:35:46'),
('10100009', '628977089291', 0, ' : 1\nPERMOHONAN PENYULUHAN NARKOBA\nNama Pemohon  : Jdjdjs, 9949994\nScan Surat : \nScan Surat : Selesai\n', 1, '2021-10-05 14:46:45'),
('10100010', '628977089291', 0, ' : 1\nPERMOHONAN PENYULUHAN NARKOBA\nNama Pemohon  : Yusri Wijaya, SMA Al Irsyad, 084875884844\nScan Surat : LAMPIRAN JADWAL APEL okt.pdf\nScan Surat : Selesai\n', 1, '2021-10-05 14:55:37'),
('10100013', '628977089291', 0, ' : 1\nPERMOHONAN PENYULUHAN NARKOBA\nNama Pemohon  : Fffgj\nScan Surat : RINCIAN KERTAS KERJA SATKER (1).pdf\nScan Surat : Selesai\n', 1, '2021-10-14 08:24:26'),
('10110001', '628977089291', 0, ' : 1\n*PERMOHONAN PENYULUHAN NARKOBA\nNama Pemohon* : Yudi, GANN Jeruklegi, 08588599666\n*Scan Surat* : Nota Dinas Apel Pagi.pdf\n*Scan Surat* : Selesai\n', 1, '2021-11-01 15:15:25'),
('12201000', '628977089291', 5, ' : 5\n*PERMOHONAN TES URIN\nNama Pemohon* : Hhfhrjjdke\n*Perm. Tes Urin Scan Surat* : \n*Perm. Tes Urin Scan Surat* : Selesai\n', 1, '2022-10-07 08:21:06'),
('1220100002', '628977089291', 5, ' : 5\n*PERMOHONAN TES URIN\nNama Pemohon* : Iriiriiriie\n*Perm. Tes Urin Scan Surat* : \n*Perm. Tes Urin Scan Surat* : Selesai\n', 1, '2022-10-12 09:08:06'),
('20070004', '6289613863322', 2, ' : 2\nINFORMASI LAYANAN KLINIK SEHATI : 2\nINFORMASI LAYANAN KLINIK SEHATI : Selesai\n', 1, '2021-07-23 08:38:11'),
('20090001', '628977089291', 0, ' : 2\nINFORMASI LAYANAN KLINIK SEHATI : selesai\n', 1, '2021-09-28 13:27:13'),
('30010001', '6287736477995', 0, ' : 3\n*PENGADUAN TINDAK PIDANA NARKOTIKA\nNama Pelapor* : Leni rahayu,087736477995\n*Alamat Pelapor* : Karang sari rt 3 rw 3,kawunganten\n*Alamat Terlapor / Pelaku* : \n*Alamat Terlapor / Pelaku* : Rumino/jarum,081327266331\n*Indikasi Kasus* : Kawunganten kompleks kuburan pahlawan depan rel\n*Jenis Narkotika* : Penyalahgunaan/penjualan/kepemilikan\n*Keterangan Tambahan Pendukung* : Tramadol/eximer dll\n*Foto Terlapor / Pelaku* : Pelaku biasanya berjudi sabung ayam,dirumah yg jualan keponakan dan anak buah mengedarkan di lapangan\n*Dapat Dipertanggungjawabkan* : \n*Dapat Dipertanggungjawabkan* : SELESAI\n', 1, '2022-01-04 09:28:07'),
('30070001', '6281392843397', 0, ' : 3\nPENGADUAN TINDAK PIDANA NARKOTIKA\nNama Pelapor  : parto SH, 08977808988\nAlamat Pelapor : Jl Angsana, No 13 Tritih Lor\nNama, No HP dan Umur Terlapor / Pelaku : Jaka, 0834546557, 24 tahun\nAlamat Terlapor / Pelaku : tidak diketahui\nIndikasi Kasus : Penjualan\nJenis Narkotika : Ganja dan Sabu\nKeterangan Tambahan Pendukung : biasanya Jaka bertransaksi di Jl Angsana sekitaran masjid anNur . setiap hari sabtu pukul 3 sore\nDapat Dipertanggungjawabkan  : \nDapat Dipertanggungjawabkan  : lanjut\nDapat Dipertanggungjawabkan  : selesai\n', 1, '2021-07-07 10:28:45'),
('30070002', '6281392843397', 0, ' : 3\nPENGADUAN TINDAK PIDANA NARKOTIKA\nNama Pelapor  : Imam S, 9499595\nAlamat Pelapor : Jeruklegi\nNama, No HP dan Umur Terlapor / Pelaku : Yanto, 9494\nAlamat Terlapor / Pelaku : Jeruk legi wetan\nIndikasi Kasus : Penyalahgunaan\nJenis Narkotika : Ganja\nKeterangan Tambahan Pendukung : Memakai di gudang\nFoto Terlapor / Pelaku : \nDapat Dipertanggungjawabkan  : Lanjut\nDapat Dipertanggungjawabkan  : Selesai\n', 1, '2021-07-22 09:14:35'),
('30070003', '6281392843397', 0, ' : 3\nPENGADUAN TINDAK PIDANA NARKOTIKA\nNama Pelapor  : Jamal, 959995\nAlamat Pelapor : Cilacap\nNama, No HP dan Umur Terlapor / Pelaku : Jiran, 8585885,18\nAlamat Terlapor / Pelaku : Jeruk legi\nIndikasi Kasus : Penyalahgunaan\nJenis Narkotika : Sabu\nKeterangan Tambahan Pendukung : Biasa nya di balaidesa\nDapat Dipertanggungjawabkan  : \nDapat Dipertanggungjawabkan  : Lanjut\nDapat Dipertanggungjawabkan  : Selesai\n', 1, '2021-07-23 08:13:22'),
('30070005', '6283843297553', 0, ' : 3\nPENGADUAN TINDAK PIDANA NARKOTIKA\nNama Pelapor  : Suyanto\nAlamat Pelapor : Jeruklegi Kulon\nNama, No HP dan Umur Terlapor / Pelaku : Tono,847478884, 23 th\nAlamat Terlapor / Pelaku : Karanganyar\nIndikasi Kasus : Kepemilikan\nJenis Narkotika : Sabu\nKeterangan Tambahan Pendukung : ToLong ditindaklanjuti pak\nDapat Dipertanggungjawabkan  : \nDapat Dipertanggungjawabkan  : Lanjut\nDapat Dipertanggungjawabkan  : Selesai\n', 1, '2021-07-26 11:19:38'),
('30090002', '628977089291', 0, ' : 3\nPENGADUAN TINDAK PIDANA NARKOTIKA\nNama Pelapor  : Kukuh J, 09488885\nAlamat Pelapor : Jeruklegi Kulon 8/4\nNama, No HP dan Umur Terlapor / Pelaku : Jefri, 95895995, 56 th\nAlamat Terlapor / Pelaku : Jeruklegi Kulon 1/4\nIndikasi Kasus : Kepemilikan sabu\nJenis Narkotika : Sabu\nKeterangan Tambahan Pendukung : Tidak ada\nDapat Dipertanggungjawabkan  : \nDapat Dipertanggungjawabkan  : Lanjut\nDapat Dipertanggungjawabkan  : Selesai\n', 3, '2021-09-29 12:36:54'),
('30100004', '628977089291', 0, ' : 3\nPENGADUAN TINDAK PIDANA NARKOTIKA\nNama Pelapor  : Jdjfj\nAlamat Pelapor : Hdur\nNama, No HP dan Umur Terlapor / Pelaku : Udhe\nAlamat Terlapor / Pelaku : Urur\nIndikasi Kasus : Urueu\nJenis Narkotika : Urur\nKeterangan Tambahan Pendukung : Hrue\nDapat Dipertanggungjawabkan  : \nDapat Dipertanggungjawabkan  : Lanjut\nDapat Dipertanggungjawabkan  : Selesai\n', 1, '2021-10-03 09:36:47'),
('30110002', '628977089291', 0, ' : 3\n*PENGADUAN TINDAK PIDANA NARKOTIKA\nNama Pelapor* : Jamaludin, 08713573863\n*Alamat Pelapor* : Jeruklegi Kulon Rt 8/4\n*Nama, No HP dan Umur Terlapor / Pelaku* : Wirto, tidak tahu, sekitar 35 tahun\n*Alamat Terlapor / Pelaku* : Jeruklegi Wetan\n*Indikasi Kasus* : Penjualan\n*Jenis Narkotika* : Sabu dan lainnya\n*Keterangan Tambahan Pendukung* : Saya pernah melihat dia bertransaksi di dekat makam desa Jeruklegi Wetan, hari Sabtu kemarin sekitar jam 4 sore. Dia bertransaksi dengan 2 orang lainnya\n*Dapat Dipertanggungjawabkan* : \n*Dapat Dipertanggungjawabkan* : Lanjut\n*Dapat Dipertanggungjawabkan* : Selesai\n', 1, '2021-11-08 09:40:12'),
('40030001', '628977089291', 0, ' : 4\n*Nama, Nomor Handphone* : Selesai\n', 1, '2022-03-28 10:36:03'),
('40040002', '628977089291', 0, ' : 4\n*Nama, Nomor Handphone* : Hrjjjjfjfrr\n*Nama, Nomor Handphone* : Selesai\n', 1, '2022-04-19 21:47:27'),
('40090002', '6281225542465', 0, ' : 4\n*Pengaduan Pelayanan* : Jfjjrjjfb jfjjrjjfb jfjjrjjfb jjrjjrjrr. Jjrjrjjrjjrjjhrhjrnnfjfjjrnfjrr rjrjjnrnr jjrjrjrnrnrjfnnrnfnnnfjfn fjr jdnnr fjrjrjr rhrjur jrjrurutht jrjjjrhrrnrnrjrjjjrhrjj jrjrjjjeje\n*Pengaduan Pelayanan* : Selesai\n', 1, '2022-09-08 13:45:28'),
('40090003', '6281326112628', 0, ' : 4\n*Pengaduan Pelayanan* : Apakah bisa untuk pembayaran surat narkoba melalui m-banking?\n*Pengaduan Pelayanan* : Selesai\n', 1, '2022-09-14 10:58:12'),
('40090004', '628977089291', 0, ' : 4\n*Pengaduan Pelayanan* : dsggdhdhs\n*Pengaduan Pelayanan* : selesai\n', 1, '2022-09-14 11:09:37'),
('40090005', '628977089291', 0, ' : 4\n*Nama dan Nomor HP* : Jamal, 043434373473\n*Pengaduan Pelayanan* : hskgsdieht judsere jsdhsdguewth sdkdsgjsdiewt\n*Pengaduan Pelayanan* : selesai\n', 1, '2022-09-14 11:12:30'),
('40090006', '628977089291', 0, ' : 4\n*Nama dan Nomor HP* : Jamal, 08977089291\n*Pengaduan Pelayanan* : Ncndnd jdnjjf jdjjhhehbdhjdj ndjhhf\n*Pengaduan Pelayanan* : Selesai\n', 1, '2022-09-20 10:12:23'),
('40090007', '628977089291', 0, ' : 4\n*Nama dan Nomor HP* : Jamal, 0488595\n*Pengaduan Pelayanan* : Terimakasih atas layanan yang telah diberikan\n*Pengaduan Pelayanan* : Selesai\n', 5, '2022-09-20 10:17:31'),
('40090008', '6281510809018', 0, ' : 4\n*Nama dan Nomor HP* : meta 081510809018\n*Pengaduan Pelayanan* : harga SKHPN kok mahal amat si kan kalo kita mau cari kerja butuh modal ya masa mahal banget\n*Pengaduan Pelayanan* : selesai\n', 1, '2022-09-23 10:03:44'),
('40090012', '6282225455973', 0, ' : 4\n*Nama dan Nomor HP* : Dwi, 082225455973\n*Pengaduan Pelayanan* : Biaya pembuatan SKHPN mahal\n*Pengaduan Pelayanan* : SELESAI\n', 1, '2022-09-23 14:13:57'),
('40100002', '628977089291', 0, ' : 4\nPengaduan Pelayanan : Jdjdjdjjdjjsjs\nPenilaian Pelayanan : 5\nPenilaian Pelayanan : Selesai\n', 1, '2021-10-03 09:34:32'),
('40100005', '628977089291', 0, ' : 4\nPengaduan Pelayanan : Bla... Bla... Bla....\nPenilaian Pelayanan : 6\nPenilaian Pelayanan : Selesai\n', 1, '2021-10-04 09:12:41'),
('40100006', '628977089291', 0, ' : 4\nNama, Nomor Handphone : Kukuh, 058858895\nPengaduan Pelayanan : Bla bla bla\nPenilaian Pelayanan : 9\nPenilaian Pelayanan : Selesai\n', 1, '2021-10-04 09:36:45'),
('40100007', '628977089291', 0, ' : 4\nNama, Nomor Handphone : Damas P, 968859455\nPengaduan Pelayanan : Jfjfjkfkodkkgkf\nPenilaian Pelayanan : 2\nPenilaian Pelayanan : Selesai\n', 1, '2021-10-05 09:13:53'),
('40100008', '6289690852007', 0, ' : 4\nNama, Nomor Handphone : wahyu 12345\nPengaduan Pelayanan : gygyygl gvygyfyf vyvy gv\nPenilaian Pelayanan : 1\nPenilaian Pelayanan : selesai\n', 3, '2021-10-05 14:42:09'),
('40100011', '6289690852007', 0, ' : 4\nNama, Nomor Handphone : kukuh 1234567\nPengaduan Pelayanan : pelayanan aga lambat\nPenilaian Pelayanan : 6\nPenilaian Pelayanan : selesai\n', 1, '2021-10-05 15:24:26'),
('40100012', '628977089291', 0, ' : 4\nNama, Nomor Handphone : Test, 394995595950\nPengaduan Pelayanan : Bdnjdkkd jdjdkrkkr rujriieouut toypoejjwnd eiirhhwnalroor\nPenilaian Pelayanan : Bhdnjdjsjsjkss\nPenilaian Pelayanan : Selesai\n', 1, '2021-10-14 08:19:09'),
('40100014', '628977089291', 0, ' : 4\nNama, Nomor Handphone : Jdjjrj, 985889594\nPengaduan Pelayanan : Jgjjgkf\nPenilaian Pelayanan : Jjfjjfjnnf jjfjjfjnnf jjfjjfjnnf jjrikkr iotopruhs iruurj orlmgmtljr ieuhehhejjr kfkkfjjfjr jriktjt jriitjjrj jriitjjrj jrikrkr jkrkrk jrkker krieke jrkkfijjd jdikekr jrirkr jrkkkr\nPenilaian Pelayanan : Selesai\n', 1, '2021-10-18 15:28:40'),
('40100015', '628977089291', 0, ' : 4\nNama, Nomor Handphone : Idris, S.T., 08635244425\nPengaduan Pelayanan : Pada saat saya melakukan tes urine, saya tidak tahu kalau bayarnya harus di kantor pos. jadi saya harus ke kantor pos dulu untuk membayar. kenapa tidak jadi satu saja supaya saya tidak bolak-balik\nPenilaian Pelayanan : mohon untuk dibuat skema yang lebih simpel supaya orang yang akan tes urine tidak usah bolak-balik ke kantor pos terlebih dulu.\nPenilaian Pelayanan : selesai\n', 1, '2021-10-26 10:58:32'),
('40100016', '628977089291', 0, ' : 4\n*Nama, Nomor Handphone* : Idris, S.T., 08635244425\n*Pengaduan Pelayanan* : Pada saat saya melakukan tes urine, saya tidak tahu kalau bayarnya harus di kantor pos. jadi saya harus ke kantor pos dulu untuk membayar. kenapa tidak jadi satu saja supaya saya tidak bolak-balik\n*Saran Pelayanan* : mohon untuk dibuat skema yang lebih simpel supaya orang yang akan tes urine tidak usah bolak-balik ke kantor pos terlebih dulu.\n*Saran Pelayanan* : selesai\n', 1, '2021-10-26 11:02:37'),
('40110003', '628977089291', 0, ' : 4\n*Nama, Nomor Handphone* : Jamaludin, 0897477378255\n*Pengaduan Pelayanan* : Beberapa hari yang lalu, saya pernah melihat seseorang yang mengaku anggota BNN yang melakukan ancaman kepada tetangga saya, dia mengancam akan memidanakan tetangga saya atas tuduhan kepemilikan narkotika jika tidak memberinya sejumlah uang\n*Saran Pelayanan* : Mohon segera ditindak, saya beralamat di desa Jeruklegi Kulon\n*Saran Pelayanan* : Selesai\n', 1, '2021-11-08 14:04:01'),
('40110004', '628977089291', 0, ' : 4\n*Nama, Nomor Handphone* : Jdndj\n*Pengaduan Pelayanan* : Hdhdh\n*Saran Pelayanan* : Jdjd\n*Saran Pelayanan* : Selesai\n', 1, '2021-11-09 09:36:25');

-- --------------------------------------------------------

--
-- Table structure for table `sections`
--

CREATE TABLE `sections` (
  `id` int(2) NOT NULL,
  `section` varchar(50) NOT NULL,
  `pic_wa_no` varchar(20) NOT NULL,
  `pic_name` varchar(50) NOT NULL
) ENGINE=InnoDB DEFAULT CHARSET=utf8;

--
-- Dumping data for table `sections`
--

INSERT INTO `sections` (`id`, `section`, `pic_wa_no`, `pic_name`) VALUES
(1, 'Pencegahan dan Pemberdayaan Masyarakat (P2M)', '628977089291', 'Kukuh Jamaludin,S.Kom'),
(2, 'Rehabilitasi', '628977089291', 'Kukuh Jamaludin,S.Kom'),
(3, 'Pemberantasan', '628977089291', 'Kukuh Jamaludin,S.Kom'),
(4, 'Subbag Umum', '628977089291', 'Kukuh Jamaludin,S.Kom');

-- --------------------------------------------------------

--
-- Table structure for table `setting`
--

CREATE TABLE `setting` (
  `id` int(2) NOT NULL,
  `setting_item` varchar(50) NOT NULL,
  `value` varchar(100) NOT NULL
) ENGINE=InnoDB DEFAULT CHARSET=utf8mb4;

--
-- Dumping data for table `setting`
--

INSERT INTO `setting` (`id`, `setting_item`, `value`) VALUES
(1, 'Administrator Number', '628977089291');

--
-- Indexes for dumped tables
--

--
-- Indexes for table `chats`
--
ALTER TABLE `chats`
  ADD PRIMARY KEY (`id`);

--
-- Indexes for table `chats-old2`
--
ALTER TABLE `chats-old2`
  ADD PRIMARY KEY (`id`);

--
-- Indexes for table `main_menu`
--
ALTER TABLE `main_menu`
  ADD PRIMARY KEY (`id`);

--
-- Indexes for table `questions`
--
ALTER TABLE `questions`
  ADD PRIMARY KEY (`id`);

--
-- Indexes for table `report_status`
--
ALTER TABLE `report_status`
  ADD PRIMARY KEY (`id`);

--
-- Indexes for table `requests`
--
ALTER TABLE `requests`
  ADD PRIMARY KEY (`id`);

--
-- Indexes for table `sections`
--
ALTER TABLE `sections`
  ADD PRIMARY KEY (`id`);

--
-- Indexes for table `setting`
--
ALTER TABLE `setting`
  ADD PRIMARY KEY (`id`);

--
-- AUTO_INCREMENT for dumped tables
--

--
-- AUTO_INCREMENT for table `chats`
--
ALTER TABLE `chats`
  MODIFY `id` int(5) NOT NULL AUTO_INCREMENT, AUTO_INCREMENT=974;

--
-- AUTO_INCREMENT for table `chats-old2`
--
ALTER TABLE `chats-old2`
  MODIFY `id` int(5) NOT NULL AUTO_INCREMENT, AUTO_INCREMENT=712;
COMMIT;

/*!40101 SET CHARACTER_SET_CLIENT=@OLD_CHARACTER_SET_CLIENT */;
/*!40101 SET CHARACTER_SET_RESULTS=@OLD_CHARACTER_SET_RESULTS */;
/*!40101 SET COLLATION_CONNECTION=@OLD_COLLATION_CONNECTION */;
